timestamp,local_timestamp,roll,pitch,yaw,P_alt,Alt,ax,ay,az,lat,lon,temp,pressure,vel_n,vel_e,vel_d,ejection
0.0,1752853868.9782205,3.09,-28.28,-1.33,0.02,0.0,-0.55,-0.07,0.83,0.0,0.0,22.69,1005.35,0.0,0.0,0.0,0
0.088,1752853869.0570087,3.11,-28.23,-1.42,655.18,0.0,-0.51,0.0,0.87,0.0,0.0,22.63,1005.37,0.0,0.0,0.0,0
0.178,1752853869.251722,3.11,-28.18,-1.41,655.14,0.0,-0.47,0.03,0.88,0.0,0.0,22.61,1005.38,0.0,0.0,0.0,0
0.237,1752853869.441073,3.12,-28.11,-1.37,655.14,0.0,-0.44,0.05,0.9,0.0,0.0,22.61,1005.38,0.0,0.0,0.0,0
0.276,1752853869.6211808,3.12,-28.11,-1.37,655.14,0.0,-0.44,0.05,0.9,0.0,0.0,22.6,1005.38,0.0,0.0,0.0,0
0.444,1752853869.8031666,1.38,-3.09,27.71,655.14,0.0,-0.05,0.01,0.99,0.0,0.0,22.59,1005.38,0.0,0.0,0.0,0
0.667,1752853869.9943657,1.38,-3.09,27.71,655.09,0.0,-0.05,0.01,0.98,0.0,0.0,22.57,1005.38,0.0,0.0,0.0,0
0.799,1752853870.174523,1.38,-3.09,27.71,655.07,0.0,-0.05,0.01,0.93,0.0,0.0,22.57,1005.39,0.0,0.0,0.0,0
1.071,1752853870.365248,1.38,-3.09,27.71,655.08,0.0,-0.05,0.01,0.98,0.0,0.0,22.56,1005.39,0.0,0.0,0.0,0
1.173,1752853870.5368776,1.38,-3.09,27.71,655.11,0.0,-0.05,-0.05,0.01,0.0,0.0,22.55,1005.38,0.0,0.0,0.0,0
1.4,1752853870.729407,1.38,-3.09,27.71,655.17,0.0,-0.05,0.01,0.99,0.0,0.0,22.56,1005.37,0.0,0.0,0.0,0
1.534,1752853870.9081829,1.38,-3.09,27.7,655.14,0.0,-0.05,0.01,0.99,0.0,0.0,22.55,1005.38,0.0,0.0,0.0,0
1.742,1752853871.098423,1.38,-3.09,27.7,655.16,0.0,-0.05,0.01,0.99,0.0,0.0,22.55,1005.38,0.0,0.0,0.0,0
1.919,1752853871.2777047,1.38,-3.09,27.7,655.08,0.0,-0.05,0.01,0.99,0.0,0.0,22.53,1005.39,0.0,0.0,0.0,0
2.098,1752853871.46579,1.38,-3.09,27.7,655.09,0.0,-0.05,0.01,0.98,0.0,0.0,22.53,1005.38,0.0,0.0,0.0,0
2.332,1752853871.6556344,1.39,-3.09,27.7,655.16,0.0,-0.05,0.02,0.99,0.0,0.0,22.54,1005.38,0.0,0.0,0.0,0
2.47,1752853871.844099,1.39,-3.09,27.7,655.17,0.0,-0.05,0.01,0.99,0.0,0.0,22.53,1005.38,0.0,0.0,0.0,0
2.694,1752853872.0128472,1.39,-3.09,27.7,655.24,0.0,-0.05,0.01,0.98,0.0,0.0,22.53,1005.37,0.0,0.0,0.0,0
2.851,1752853872.2033887,1.39,-3.09,27.7,655.27,0.0,-0.05,0.01,0.98,0.0,0.0,22.53,1005.36,0.0,0.0,0.0,0
3.096,1752853872.3929675,1.39,-3.09,27.7,655.3,0.0,-0.05,0.01,0.98,0.0,0.0,22.54,1005.36,0.0,0.0,0.0,0
3.223,1752853872.5828907,1.39,-3.09,27.7,655.28,0.0,-0.05,0.01,0.98,0.0,0.0,22.54,1005.36,0.0,0.0,0.0,0
3.408,1752853872.7510912,1.39,-3.09,27.7,655.27,0.0,-0.05,0.01,0.99,0.0,0.0,22.54,1005.36,0.0,0.0,0.0,0
3.624,1752853872.9405527,1.38,-3.09,27.7,655.27,0.0,-0.05,0.01,0.99,0.0,0.0,22.53,1005.36,0.0,0.0,0.0,0
3.757,1752853873.1312344,1.39,-3.09,27.7,655.3,0.0,-0.05,0.01,0.99,0.0,0.0,22.53,1005.36,0.0,0.0,0.0,0
4.0,1752853873.3096745,1.39,-3.09,27.7,655.33,0.0,-0.05,0.01,0.99,0.0,0.0,22.54,1005.36,0.0,0.0,0.0,0
4.138,1752853873.499204,1.38,-3.09,27.7,0.0,0.0,-0.05,0.01,0.99,0.0,0.0,22.55,1005.35,0.0,0.0,0.0,0
4.335,1752853873.688976,1.38,-3.09,27.7,655.35,0.0,-0.05,0.01,0.99,0.0,0.0,22.54,1005.35,0.0,0.0,0.0,0
4.524,1752853873.8776472,1.39,-3.09,27.7,0.0,0.0,-0.05,0.01,0.99,0.0,0.0,22.54,1005.35,0.0,0.0,0.0,0
4.683,1752853874.0463085,1.39,-3.09,27.7,655.26,0.0,-0.05,0.01,0.99,0.0,0.0,22.52,1005.36,0.0,0.0,0.0,0
4.89,1752853874.2370815,1.39,-3.09,27.7,655.31,0.0,-0.05,0.01,0.0,0.0,0.0,22.53,1005.36,0.0,0.0,0.0,0
5.064,1752853874.424938,1.38,-3.09,27.7,655.31,0.0,-0.05,0.01,0.98,0.0,0.0,22.53,1005.36,0.0,0.0,0.0,0
5.298,1752853874.6145551,1.39,-3.09,27.7,655.34,0.0,-0.05,0.01,0.99,0.0,0.0,22.53,1005.35,0.0,0.0,0.0,0
5.445,1752853874.793189,1.39,-3.09,27.7,655.29,0.0,-0.05,0.02,0.98,0.0,0.0,22.52,1005.36,0.0,0.0,0.0,0
5.624,1752853874.9812632,1.39,-3.09,27.7,655.29,0.0,-0.05,0.01,0.98,0.0,0.0,22.52,1005.36,0.0,0.0,0.0,0
5.789,1752853875.1605349,1.39,-3.09,27.7,655.29,0.0,-0.05,0.01,0.98,0.0,0.0,22.52,1005.36,0.0,0.0,0.0,0
5.985,1752853875.3483405,1.39,-3.09,27.7,0.0,0.0,-0.05,0.01,0.99,0.0,0.0,22.52,1005.35,0.0,0.0,0.0,0
6.159,1752853875.5291188,1.39,-3.09,27.7,655.35,0.0,-0.05,0.01,0.98,0.0,0.0,22.52,1005.35,0.0,0.0,0.0,0
6.369,1752853875.7183142,1.39,-3.09,27.7,655.32,0.0,-0.05,0.01,0.98,0.0,0.0,22.52,1005.36,0.0,0.0,0.0,0
6.548,1752853875.8980753,1.39,-3.09,27.7,655.34,0.0,-0.05,0.01,0.99,0.0,0.0,22.52,1005.35,0.0,0.0,0.0,0
6.718,1752853876.0890462,1.39,-3.09,27.7,655.28,0.0,-0.05,0.01,0.99,0.0,0.0,22.5,1005.36,0.0,0.0,0.0,0
6.934,1752853876.2686443,1.39,-3.09,27.7,655.26,0.0,-0.05,0.01,0.98,0.0,0.0,22.5,1005.36,0.0,0.0,0.0,0
7.082,1752853876.4483325,1.39,-3.09,27.7,655.28,0.0,-0.05,0.01,0.99,0.0,0.0,22.5,1005.36,0.0,0.0,0.0,0
7.308,1752853876.6390843,1.39,-3.09,27.7,655.27,0.0,-0.05,0.01,0.98,0.0,0.0,22.49,1005.36,0.0,0.0,0.0,0
7.53,1752853876.8302822,1.39,-3.09,27.7,655.2,0.0,-0.05,0.01,0.99,0.0,0.0,22.48,1005.37,0.0,0.0,0.0,0
7.687,1752853877.0093608,1.39,-3.09,27.7,655.21,0.0,-0.05,0.01,0.98,0.0,0.0,22.48,1005.37,0.0,0.0,0.0,0
7.823,1752853877.1989248,1.39,-3.09,27.7,655.16,0.0,-0.05,0.01,0.98,0.0,0.0,22.47,1005.38,0.0,0.0,0.0,0
8.012,1752853877.3883188,1.39,-3.09,27.7,655.18,0.0,-0.05,0.01,0.98,0.0,0.0,22.47,1005.37,0.0,0.0,0.0,0
8.207,1752853877.5561063,1.39,-3.09,27.7,655.2,0.0,-0.05,0.01,0.99,0.0,0.0,22.48,1005.37,0.0,0.0,0.0,0
8.463,1752853877.745677,1.4,-3.09,27.7,655.19,0.0,-0.05,0.01,0.98,0.0,0.0,22.48,1005.37,0.0,0.0,0.0,0
8.601,1752853877.9352605,1.39,-3.09,27.7,655.23,0.0,-0.05,0.01,0.99,0.0,0.0,22.47,1005.37,0.0,0.0,0.0,3
8.821,1752853878.1257153,1.39,-3.09,27.7,655.18,0.0,-0.05,0.01,0.99,0.0,0.0,22.48,1005.37,0.0,0.0,0.0,3
8.943,1752853878.293756,1.39,-3.09,27.7,655.16,0.0,-0.05,0.01,0.99,0.0,0.0,22.47,1005.38,0.0,0.0,0.0,3
9.111,1752853878.4838548,1.39,-3.09,27.7,655.21,0.0,-0.05,0.01,0.99,0.0,0.0,22.48,1005.37,0.0,0.0,0.0,3
9.326,1752853878.6730957,1.39,-3.09,27.7,655.21,0.0,0.0,-3.09,27.7,0.0,0.0,22.47,1005.37,0.0,0.0,0.0,3
9.528,1752853878.8650577,1.39,-3.1,27.7,655.19,0.0,-0.06,0.01,0.99,0.0,0.0,22.47,1005.37,0.0,0.0,0.0,3
9.704,1752853879.0436695,1.4,-3.11,27.7,655.18,0.0,-0.05,0.01,0.98,0.0,0.0,22.47,1005.37,0.0,0.0,0.0,3
9.873,1752853879.2237499,1.4,-3.11,27.7,655.3,0.0,-0.05,0.01,0.99,0.0,0.0,22.48,1005.36,0.0,0.0,0.0,3
10.047,1752853879.4136662,1.4,-3.1,27.69,0.03,0.0,-0.05,0.02,0.99,0.0,0.0,22.49,1005.35,0.0,0.0,0.0,3
10.259,1752853879.6032677,1.4,-3.11,27.69,0.0,0.0,-0.05,0.01,0.98,0.0,0.0,22.5,1005.35,0.0,0.0,0.0,3
10.476,1752853879.782604,1.4,-3.1,27.69,0.0,0.0,-0.05,0.01,0.99,0.0,0.0,22.5,1005.35,0.0,0.0,0.0,3
10.596,1752853879.9717395,1.4,-3.1,27.69,0.0,0.0,-0.05,0.01,0.99,0.0,0.0,22.49,1005.35,0.0,0.0,0.0,3
10.809,1752853880.1614237,1.4,-3.1,27.69,655.32,0.0,-0.05,0.01,0.99,0.0,0.0,22.49,1005.36,0.0,0.0,0.0,3
11.032,1752853880.3416288,1.39,-3.1,27.69,655.25,0.0,-0.05,0.01,0.99,0.0,0.0,22.48,1005.37,0.0,0.0,0.0,3
11.207,1752853880.5218668,1.39,-3.1,27.69,655.26,0.0,-0.05,0.01,0.99,0.0,0.0,22.48,1005.36,0.0,0.0,0.0,3
11.373,1752853880.7120135,1.39,-3.1,27.69,655.2,0.0,-0.05,0.01,0.99,0.0,0.0,22.47,1005.37,0.0,0.0,0.0,3
11.544,1752853880.8907921,1.39,-3.1,27.69,655.24,0.0,-0.05,0.01,27.69,0.0,0.0,22.48,1005.37,0.0,0.0,0.0,3
11.714,1752853881.0816407,1.39,-3.1,27.69,655.22,0.0,-0.05,0.01,0.99,0.0,0.0,22.48,1005.37,0.0,0.0,0.0,3
11.972,1752853881.2612486,1.39,-3.09,27.69,655.32,0.0,-0.05,0.01,0.99,0.0,0.0,22.49,1005.36,0.0,0.0,0.0,3
12.114,1752853881.4407995,1.39,-3.09,27.69,655.34,0.0,-0.05,0.01,0.99,0.0,0.0,22.49,1005.35,0.0,0.0,0.0,3
12.325,1752853881.6415253,1.39,-3.09,27.69,0.01,0.0,-0.05,0.01,0.99,0.0,0.0,22.49,1005.35,0.0,0.0,0.0,3
12.471,1752853881.8113692,1.39,-3.09,27.69,655.3,0.0,-0.05,0.01,0.99,0.0,0.0,22.48,1005.36,0.0,0.0,0.0,3
12.66,1752853882.0019414,1.39,-3.09,27.69,655.29,0.0,-0.05,0.01,0.99,0.0,0.0,22.49,1005.36,0.0,0.0,0.0,3
12.873,1752853882.1930158,1.39,-3.09,27.69,655.29,0.0,-0.05,0.01,0.99,0.0,0.0,22.5,1005.36,0.0,0.0,0.0,3
13.108,1752853882.3710659,1.39,-3.09,27.69,655.34,0.0,-0.05,0.01,27.69,0.0,0.0,22.5,1005.35,0.0,0.0,0.0,3
13.216,1752853882.5497446,1.39,-3.09,27.69,655.33,0.0,-0.05,0.01,0.99,0.0,0.0,22.49,1005.36,0.0,0.0,0.0,3
13.432,1752853882.7383342,1.39,-3.08,27.69,655.29,0.0,-0.05,0.01,0.99,0.0,0.0,22.49,1005.36,0.0,0.0,0.0,3
13.589,1752853882.9186025,1.39,-3.08,27.69,655.27,0.0,-0.05,0.01,0.98,0.0,0.0,22.49,1005.36,0.0,0.0,0.0,3
13.73,1752853883.1187649,1.39,-3.08,27.69,655.31,0.0,-0.05,0.01,0.98,0.0,0.0,22.5,1005.36,0.0,0.0,0.0,3
13.984,1752853883.286884,1.38,-3.09,27.7,655.23,0.0,-0.05,0.01,0.99,0.0,0.0,22.49,1005.37,0.0,0.0,0.0,3
14.106,1752853883.4873188,1.38,-3.09,27.7,655.18,0.0,-0.05,0.01,0.93,0.0,0.0,22.48,1005.37,0.0,0.0,0.0,3
14.349,1752853883.668533,1.39,-3.09,27.7,655.16,0.0,-0.05,0.01,0.99,0.0,0.0,22.47,1005.38,0.0,0.0,0.0,3
14.476,1752853883.8575644,1.39,-3.09,27.7,655.17,0.0,-0.05,0.02,0.99,0.0,0.0,22.47,1005.37,0.0,0.0,0.0,3
14.693,1752853884.0365458,1.39,-3.09,27.7,655.24,0.0,-0.05,0.01,0.99,0.0,0.0,22.48,1005.37,0.0,0.0,0.0,3
14.872,1752853884.2155964,1.39,-3.09,27.7,655.18,0.0,-0.05,0.01,0.99,0.0,0.0,22.48,1005.37,0.0,0.0,0.0,3
15.027,1752853884.407967,1.39,-3.09,27.7,655.27,0.0,-0.05,0.01,0.99,0.0,0.0,22.49,1005.36,0.0,0.0,0.0,3
15.228,1752853884.5961936,1.39,-3.08,27.7,655.23,0.0,-0.05,0.01,0.99,0.0,0.0,22.48,1005.37,0.0,0.0,0.0,3
15.467,1752853884.7744334,1.39,-3.08,27.7,655.27,0.0,-0.05,0.02,0.99,0.0,0.0,22.48,1005.36,0.0,0.0,0.0,3
15.583,1752853884.9636471,1.39,-3.08,27.7,655.24,0.0,-0.05,0.01,0.99,0.0,0.0,22.48,1005.37,0.0,0.0,0.0,3
15.802,1752853885.1529822,1.39,-3.08,27.7,655.3,0.0,-0.05,0.01,0.99,0.0,0.0,22.49,1005.36,0.0,0.0,0.0,3
16.021,1752853885.3433673,1.39,-3.08,27.69,655.26,0.0,-0.05,0.01,0.99,0.0,0.0,22.48,1005.36,0.0,0.0,0.0,3
16.204,1752853885.5135157,1.39,-3.08,27.7,655.27,0.0,-0.05,0.01,0.99,0.0,0.0,22.48,1005.36,0.0,0.0,0.0,3
16.369,1752853885.7026193,1.39,-3.08,27.7,655.24,0.0,-0.05,0.01,0.99,0.0,0.0,22.48,1005.37,0.0,0.0,0.0,3
16.585,1752853885.8835418,1.39,-3.08,27.69,655.25,0.0,-0.05,0.01,0.99,0.0,0.0,22.48,1005.37,0.0,0.0,0.0,3
16.702,1752853886.0846376,1.39,-3.08,27.69,655.25,0.0,-0.05,0.01,0.98,0.0,0.0,22.48,1005.37,0.0,0.0,0.0,3
16.891,1752853886.253501,1.39,-3.08,27.69,655.27,0.0,0.0,-0.05,0.01,0.0,0.0,22.48,1005.36,0.0,0.0,0.0,3
17.109,1752853886.4338467,1.39,-3.09,27.69,655.32,0.0,-0.05,0.01,0.99,0.0,0.0,22.5,1005.36,0.0,0.0,0.0,3
17.261,1752853886.6347344,1.39,-3.09,27.7,655.31,0.0,-0.06,0.01,0.99,0.0,0.0,22.5,1005.36,0.0,0.0,0.0,3
17.449,1752853886.8031785,1.39,-3.08,27.69,655.25,0.0,-0.05,0.01,0.99,0.0,0.0,22.49,1005.37,0.0,0.0,0.0,3
17.638,1752853886.9831307,1.39,-3.08,27.69,655.32,0.0,-0.05,0.01,0.98,0.0,0.0,22.49,1005.36,0.0,0.0,0.0,3
17.867,1752853887.1823022,1.39,-3.08,27.69,655.35,0.0,-0.05,0.01,0.99,0.0,0.0,22.5,1005.35,0.0,0.0,0.0,3
18.003,1752853887.3715909,1.39,-3.08,27.69,655.34,0.0,-0.05,0.02,0.99,0.0,0.0,22.49,1005.35,0.0,0.0,0.0,3
18.25,1752853887.54035,1.39,-3.08,27.69,655.28,0.0,-0.05,0.01,0.99,0.0,0.0,22.48,1005.36,0.0,0.0,0.0,3
18.377,1752853887.7311022,1.39,-3.08,27.69,655.26,0.0,-0.05,0.01,0.99,0.0,0.0,22.48,1005.36,0.0,0.0,0.0,3
18.635,1752853887.9205928,1.39,-3.07,27.69,655.3,0.0,-0.05,0.01,0.99,0.0,0.0,22.5,1005.36,0.0,0.0,0.0,3
18.723,1752853888.1109822,1.39,-3.08,27.69,0.0,0.0,-0.05,0.01,0.98,0.0,0.0,22.5,1005.35,0.0,0.0,0.0,3
18.927,1752853888.2803044,1.39,-3.08,27.69,0.02,0.0,-0.05,0.01,0.99,0.0,0.0,22.51,1005.35,0.0,0.0,0.0,3
19.13,1752853888.4697247,1.39,-3.08,27.69,0.04,0.0,-0.05,0.01,0.98,0.0,0.0,22.51,1005.35,0.0,0.0,0.0,3
19.286,1752853888.6597352,1.39,-3.08,27.69,0.03,0.0,-0.05,0.01,0.98,0.0,0.0,22.51,1005.35,0.0,0.0,0.0,3
19.528,1752853888.8497992,1.39,-3.08,27.69,655.33,0.0,-0.05,0.01,0.99,0.0,0.0,22.51,1005.36,0.0,0.0,0.0,3
19.684,1752853889.0297973,1.39,-3.08,27.69,655.35,0.0,-0.05,0.01,0.99,0.0,0.0,22.51,1005.35,0.0,0.0,0.0,3
19.893,1752853889.2198913,1.39,-3.08,27.69,0.01,0.0,-0.05,0.01,0.99,0.0,0.0,22.51,1005.35,0.0,0.0,0.0,3
20.053,1752853889.4007256,1.39,-3.08,27.69,0.0,0.0,-0.05,0.01,0.99,0.0,0.0,22.52,1005.35,0.0,0.0,0.0,3
20.279,1752853889.591001,1.39,-3.08,27.69,655.35,0.0,-0.05,0.01,0.99,0.0,0.0,22.51,1005.35,0.0,0.0,0.0,3
20.413,1752853889.7599506,1.39,-3.08,27.69,655.28,0.0,-0.05,0.01,0.99,0.0,0.0,22.5,1005.36,0.0,0.0,0.0,3
20.617,1752853889.947627,1.39,-3.08,27.69,655.22,0.0,-0.05,0.01,0.99,0.0,0.0,22.5,1005.37,0.0,0.0,0.0,3
20.831,1752853890.1370578,1.39,-3.08,27.69,655.17,0.0,-0.05,0.01,0.99,0.0,0.0,22.49,1005.37,0.0,0.0,0.0,3
21.01,1752853890.3281565,1.38,-3.08,27.68,655.18,0.0,-0.05,0.02,0.99,0.0,0.0,22.5,1005.37,0.0,0.0,0.0,3
21.161,1752853890.498438,1.38,-3.07,27.68,655.2,0.0,-0.05,0.02,0.99,0.0,0.0,22.52,1005.37,0.0,0.0,0.0,3
21.382,1752853890.6884365,1.38,-3.08,27.68,655.27,0.0,-0.05,0.01,0.0,0.0,0.0,22.53,1005.36,0.0,0.0,0.0,3
21.585,1752853890.880523,1.38,-3.08,27.68,655.31,0.0,-0.05,0.01,0.99,0.0,0.0,22.53,1005.36,0.0,0.0,0.0,3
21.703,1752853891.0508003,1.38,-3.08,27.68,655.31,0.0,-0.05,0.01,0.98,0.0,0.0,22.52,1005.36,0.0,0.0,0.0,3
21.905,1752853891.2421992,2.07,-2.32,28.49,655.27,0.0,-0.05,0.02,0.94,0.0,0.0,22.52,1005.36,0.0,0.0,0.0,3
22.084,1752853891.421198,0.9,-3.54,33.8,655.27,0.0,-0.03,0.0,1.07,0.0,0.0,22.52,1005.36,0.0,0.0,0.0,3
22.277,1752853891.6136477,1.07,-3.34,42.63,655.29,0.0,-0.13,0.03,1.01,0.0,0.0,22.53,1005.36,0.0,0.0,0.0,3
22.448,1752853891.7950716,0.49,-4.14,50.25,655.3,0.0,-0.06,0.07,1.02,0.0,0.0,22.54,1005.36,0.0,0.0,0.0,3
22.612,1752853891.9883828,0.77,-4.02,52.52,655.27,0.0,-0.05,0.03,0.98,0.0,0.0,22.53,1005.36,0.0,0.0,0.0,3
22.814,1752853892.1690817,1.03,-3.69,52.52,655.21,0.0,0.0,0.03,0.96,0.0,0.0,22.52,1005.37,0.0,0.0,0.0,3
23.014,1752853892.3551605,1.03,-3.69,52.52,655.24,0.0,0.0,0.03,0.96,0.0,0.0,22.52,1005.37,0.0,0.0,0.0,3
23.237,1752853892.527739,1.33,-3.54,52.34,655.23,0.0,-0.06,0.0,0.98,0.0,0.0,22.53,1005.37,0.0,0.0,0.0,3
23.397,1752853892.7192645,1.63,-2.98,52.38,655.23,0.0,-0.03,0.04,0.99,0.0,0.0,22.53,1005.37,0.0,0.0,0.0,3
23.571,1752853892.8989563,1.75,-2.86,52.16,655.31,0.0,-0.06,0.0,0.99,0.0,0.0,22.55,1005.36,0.0,0.0,0.0,3
23.742,1752853893.0993967,1.85,-2.63,52.14,655.33,0.0,-0.03,0.01,0.98,0.0,0.0,22.55,1005.36,0.0,0.0,0.0,3
23.923,1752853893.269393,1.75,-2.63,52.15,655.31,0.0,-0.03,0.02,0.99,0.0,0.0,22.54,1005.36,0.0,0.0,0.0,3
24.09,1752853893.4620292,1.84,-2.78,51.95,0.0,0.0,-0.03,0.04,0.98,0.0,0.0,22.55,1005.35,0.0,0.0,0.0,3
24.315,1752853893.6545055,1.26,-3.78,51.88,655.29,0.0,-0.08,0.0,0.99,0.0,0.0,22.55,1005.36,0.0,0.0,0.0,3
24.493,1752853893.8348265,1.07,-4.08,51.74,655.27,0.0,-0.06,0.0,0.98,0.0,0.0,22.55,1005.36,0.0,0.0,0.0,3
24.645,1752853894.0150464,0.69,-4.19,51.47,655.31,0.0,-0.07,0.0,0.98,0.0,0.0,22.56,1005.36,0.0,0.0,0.0,3
24.827,1752853894.2071452,0.55,-4.15,51.19,655.28,0.0,-0.05,0.0,0.98,0.0,0.0,22.56,1005.36,0.0,0.0,0.0,3
25.048,1752853894.3994312,0.56,-4.01,51.09,655.28,0.0,-0.06,0.0,0.99,0.0,0.0,22.57,1005.36,0.0,0.0,0.0,3
25.24,1752853894.5809722,0.69,-3.59,50.48,655.27,0.0,-0.06,-0.03,1.01,0.0,0.0,22.56,1005.36,0.0,0.0,0.0,3
25.399,1752853894.762729,1.04,-3.49,49.78,655.27,0.0,-0.06,0.02,1.0,0.0,0.0,22.57,1005.36,0.0,0.0,0.0,3
25.579,1752853894.953629,1.09,-3.45,49.64,655.29,0.0,-0.06,0.0,0.98,0.0,0.0,22.58,1005.36,0.0,0.0,0.0,3
25.834,1752853895.1332023,1.11,-3.42,49.54,655.27,0.0,-0.05,0.01,0.99,0.0,0.0,22.57,1005.36,0.0,0.0,0.0,3
25.965,1752853895.3033357,1.11,-3.42,49.54,655.26,0.0,-0.05,0.01,0.99,0.0,0.0,22.57,1005.36,0.0,0.0,0.0,3
26.158,1752853895.4971132,1.12,-3.41,49.53,655.22,0.0,-0.06,0.01,0.98,0.0,0.0,22.56,1005.37,0.0,0.0,0.0,3
26.314,1752853895.6896613,1.12,-3.41,49.53,655.25,0.0,-0.06,0.01,0.99,0.0,0.0,22.56,1005.37,0.0,0.0,0.0,3
26.555,1752853895.8713562,1.12,-3.4,49.52,655.22,0.0,-0.06,0.01,0.99,0.0,0.0,22.55,1005.37,0.0,0.0,0.0,3
26.71,1752853896.051414,1.12,-3.4,49.53,655.23,0.0,-0.06,0.01,0.99,0.0,0.0,22.55,1005.37,0.0,0.0,0.0,3
26.906,1752853896.2328699,1.13,-3.39,49.52,655.2,0.0,-0.05,0.01,0.99,0.0,0.0,22.54,1005.37,0.0,0.0,0.0,3
27.09,1752853896.4245663,1.13,-3.39,49.52,655.21,0.0,-0.06,0.01,0.98,0.0,0.0,22.55,1005.37,0.0,0.0,0.0,3
27.261,1752853896.6163337,1.13,-3.38,49.52,655.3,0.0,-0.05,0.01,0.99,0.0,0.0,22.56,1005.36,0.0,0.0,0.0,3
27.439,1752853896.7894769,1.13,-3.38,49.52,655.35,0.0,-0.05,0.0,0.98,0.0,0.0,22.58,1005.35,0.0,0.0,0.0,3
27.625,1752853896.979754,1.12,-3.38,49.52,0.02,0.0,-0.06,0.0,0.98,0.0,0.0,22.59,1005.35,0.0,0.0,0.0,3
27.789,1752853897.1703708,1.13,-3.37,49.51,0.04,0.0,-0.06,0.01,0.99,0.0,0.0,22.59,1005.35,0.0,0.0,0.0,3
28.007,1752853897.3511078,1.14,-3.37,49.51,0.04,0.0,-0.06,0.01,0.99,0.0,0.0,22.59,1005.35,0.0,0.0,0.0,3
28.188,1752853897.531687,1.14,-3.37,49.51,0.03,0.0,-0.06,0.01,0.99,0.0,0.0,22.59,1005.35,0.0,0.0,0.0,3
28.367,1752853897.7226844,1.14,-3.37,49.51,0.03,0.0,-0.05,0.0,0.0,0.0,0.0,22.59,1005.35,0.0,0.0,0.0,3
28.541,1752853897.9038682,1.14,-3.36,49.51,655.35,0.0,-0.05,0.01,0.98,0.0,0.0,22.59,1005.35,0.0,0.0,0.0,3
28.791,1752853898.0945804,1.14,-3.36,49.51,0.02,0.0,-0.06,0.01,0.99,0.0,0.0,22.59,1005.35,0.0,0.0,0.0,3
28.942,1752853898.2650976,1.14,-3.36,49.51,0.0,0.0,-0.06,0.01,0.99,0.0,0.0,22.6,1005.35,0.0,0.0,0.0,3
29.159,1752853898.4558253,1.14,-3.36,49.51,655.35,0.0,0.0,0.0,-0.05,0.0,0.0,22.6,1005.35,0.0,0.0,0.0,3
29.343,1752853898.6472833,1.14,-3.36,49.51,655.34,0.0,-0.06,0.01,0.99,0.0,0.0,22.59,1005.35,0.0,0.0,0.0,3
29.532,1752853898.8281534,1.14,-3.36,49.51,655.35,0.0,-0.06,0.01,0.99,0.0,0.0,22.59,1005.35,0.0,0.0,0.0,3
29.667,1752853899.007871,1.14,-3.36,49.51,655.34,0.0,-0.06,0.01,0.99,0.0,0.0,22.59,1005.35,0.0,0.0,0.0,3
29.875,1752853899.1871245,1.14,-3.36,49.51,655.32,0.0,-0.06,0.01,0.99,0.0,0.0,22.59,1005.36,0.0,0.0,0.0,3
30.005,1752853899.3778768,1.14,-3.35,49.51,655.34,0.0,-0.05,0.01,0.98,0.0,0.0,22.6,1005.35,0.0,0.0,0.0,3
30.269,1752853899.5600019,1.15,-3.35,49.51,655.32,0.0,-0.06,0.01,0.98,0.0,0.0,22.59,1005.36,0.0,0.0,0.0,3
30.404,1752853899.751901,1.15,-3.35,49.51,655.32,0.0,-0.06,0.01,0.99,0.0,0.0,22.59,1005.36,0.0,0.0,0.0,3
30.579,1752853899.9324963,1.15,-3.35,49.51,655.27,0.0,-0.06,0.01,0.99,0.0,0.0,22.58,1005.36,0.0,0.0,0.0,3
30.777,1752853900.1241646,1.15,-3.35,49.51,655.25,0.0,-0.06,0.01,0.99,0.0,0.0,22.58,1005.37,0.0,0.0,0.0,3
30.953,1752853900.2949271,1.15,-3.35,49.51,655.25,0.0,-0.06,0.01,0.98,0.0,0.0,22.58,1005.37,0.0,0.0,0.0,3
31.123,1752853900.4864924,1.15,-3.35,49.51,655.25,0.0,-0.06,0.01,0.99,0.0,0.0,22.57,1005.37,0.0,0.0,0.0,3
31.31,1752853900.6689205,1.15,-3.35,49.51,655.25,0.0,-0.05,0.01,0.99,0.0,0.0,22.58,1005.37,0.0,0.0,0.0,3
31.561,1752853900.8622065,1.15,-3.35,49.51,655.28,0.0,-0.05,0.01,0.99,0.0,0.0,22.57,1005.36,0.0,0.0,0.0,3
31.73,1752853901.0318472,1.15,-3.35,49.51,655.2,0.0,-0.06,0.01,0.99,0.0,0.0,22.57,1005.37,0.0,0.0,0.0,3
31.915,1752853901.2174084,1.15,-3.35,49.5,655.23,0.0,-0.05,0.01,0.99,0.0,0.0,22.58,1005.37,0.0,0.0,0.0,3
32.04,1752853901.4096682,1.16,-3.35,49.5,655.27,0.0,-0.06,0.01,0.99,0.0,0.0,22.58,1005.36,0.0,0.0,0.0,3
32.296,1752853901.602838,1.15,-3.34,49.51,655.33,0.0,-0.05,0.01,0.99,0.0,0.0,22.59,1005.36,0.0,0.0,0.0,3
32.452,1752853901.7732103,1.15,-3.35,49.5,655.31,0.0,-0.05,0.01,0.99,0.0,0.0,22.59,1005.36,0.0,0.0,0.0,3
32.604,1752853901.9637554,1.15,-3.35,49.5,0.0,0.0,-0.06,0.01,0.98,0.0,0.0,22.6,1005.35,0.0,0.0,0.0,3
32.776,1752853902.1543326,1.15,-3.34,49.5,655.3,0.0,-0.05,0.0,0.99,0.0,0.0,22.58,1005.36,0.0,0.0,0.0,3
32.981,1752853902.3349435,1.15,-3.34,49.5,655.27,0.0,-0.05,0.01,0.99,0.0,0.0,22.58,1005.36,0.0,0.0,0.0,3
33.189,1752853902.516494,1.16,-3.35,49.51,655.25,0.0,-0.06,0.01,0.99,0.0,0.0,22.58,1005.37,0.0,0.0,0.0,3
33.342,1752853902.7080994,1.15,-3.35,49.5,655.25,0.0,-0.06,0.01,0.98,0.0,0.0,22.58,1005.37,0.0,0.0,0.0,3
33.529,1752853902.9006808,1.16,-3.35,49.5,655.22,0.0,-0.05,0.01,0.99,0.0,0.0,22.58,1005.37,0.0,0.0,0.0,3
33.722,1752853903.0812068,1.16,-3.35,49.5,655.23,0.0,-0.05,0.01,0.98,0.0,0.0,22.58,1005.37,0.0,0.0,0.0,3
33.898,1752853903.2512507,1.16,-3.35,49.5,655.23,0.0,-0.06,0.01,0.98,0.0,0.0,22.58,1005.37,0.0,0.0,0.0,3
34.074,1752853903.4542127,1.16,-3.35,49.5,655.25,0.0,-0.06,0.01,0.99,0.0,0.0,22.58,1005.37,0.0,0.0,0.0,3
34.255,1752853903.6357064,1.16,-3.35,49.5,655.26,0.0,-0.05,0.01,0.99,0.0,0.0,22.59,1005.36,0.0,0.0,0.0,3
34.472,1752853903.8173516,1.15,-3.34,49.49,655.27,0.0,-0.06,0.0,0.99,0.0,0.0,22.59,1005.36,0.0,0.0,0.0,3
34.698,1752853904.0095446,1.15,-3.34,49.49,655.27,0.0,-0.05,0.0,0.99,0.0,0.0,22.59,1005.36,0.0,0.0,0.0,3
34.884,1752853904.191072,1.15,-3.35,49.49,655.28,0.0,-0.06,0.01,0.99,0.0,0.0,22.58,1005.36,0.0,0.0,0.0,3
35.0,1752853904.3824434,1.15,-3.34,49.49,655.28,0.0,-0.06,0.01,0.98,0.0,0.0,22.58,1005.36,0.0,0.0,0.0,3
35.238,1752853904.5522566,1.15,-3.34,49.49,655.33,0.0,-0.06,0.01,0.98,0.0,0.0,22.6,1005.36,0.0,0.0,0.0,3
35.375,1752853904.7547958,1.15,-3.34,49.49,655.34,0.0,-0.05,0.01,0.99,0.0,0.0,22.6,1005.35,0.0,0.0,0.0,3
35.577,1752853904.9369953,1.15,-3.34,49.49,655.33,0.0,-0.05,0.01,0.99,0.0,0.0,22.6,1005.36,0.0,0.0,0.0,3
35.805,1752853905.1276422,1.15,-3.34,49.49,655.26,0.0,-0.06,0.01,0.99,0.0,0.0,22.6,1005.36,0.0,0.0,0.0,3
36.012,1752853905.296191,1.15,-3.33,49.49,655.26,0.0,-0.05,0.0,-0.06,0.0,0.0,22.6,1005.36,0.0,0.0,0.0,3
36.156,1752853905.4884815,1.15,-3.33,49.49,655.27,0.0,-0.06,0.01,0.99,0.0,0.0,22.59,1005.36,0.0,0.0,0.0,3
36.306,1752853905.6804144,1.15,-3.33,49.49,655.26,0.0,-0.05,0.01,0.99,0.0,0.0,22.58,1005.36,0.0,0.0,0.0,3
36.526,1752853905.8605988,1.15,-3.33,49.49,655.26,0.0,-0.05,0.01,0.99,0.0,0.0,22.57,1005.36,0.0,0.0,0.0,3
36.683,1752853906.0432532,1.15,-3.33,49.49,655.25,0.0,-0.06,0.01,0.99,0.0,0.0,22.56,1005.37,0.0,0.0,0.0,3
36.886,1752853906.2366564,1.15,-3.33,49.49,655.26,0.0,-0.05,0.01,0.99,0.0,0.0,22.56,1005.36,0.0,0.0,0.0,3
37.04,1752853906.4194262,1.15,-3.33,49.49,655.22,0.0,-0.06,0.01,0.98,0.0,0.0,22.56,1005.37,0.0,0.0,0.0,3
37.23,1752853906.6128747,1.15,-3.34,49.49,655.25,0.0,-0.06,0.01,0.99,0.0,0.0,22.56,1005.37,0.0,0.0,0.0,3
37.411,1752853906.7839978,1.15,-3.34,49.49,655.25,0.0,-0.06,0.01,0.99,0.0,0.0,22.56,1005.36,0.0,0.0,0.0,3
37.622,1752853906.964861,1.15,-3.34,49.49,655.29,0.0,-0.06,0.01,0.99,0.0,0.0,22.57,1005.36,0.0,0.0,0.0,3
37.786,1752853907.1576173,1.16,-3.34,49.49,655.3,0.0,-0.06,0.01,0.98,0.0,0.0,22.58,1005.36,0.0,0.0,0.0,3
37.978,1752853907.3498015,1.15,-3.34,49.49,655.35,0.0,-0.06,0.01,0.99,0.0,0.0,22.59,1005.35,0.0,0.0,0.0,3
38.158,1752853907.5206609,1.16,-3.33,49.49,0.0,0.0,-0.05,0.01,0.98,0.0,0.0,22.59,1005.35,0.0,0.0,0.0,3
38.352,1752853907.7132514,1.16,-3.33,49.49,655.31,0.0,-0.06,0.01,0.99,0.0,0.0,22.6,1005.36,0.0,0.0,0.0,3
38.54,1752853907.8961344,1.16,-3.33,49.49,0.02,0.0,-0.05,0.01,0.99,0.0,0.0,22.6,1005.35,0.0,0.0,0.0,3
38.764,1752853908.088164,1.16,-3.33,49.49,655.35,0.0,-0.06,0.01,0.99,0.0,0.0,22.6,1005.35,0.0,0.0,0.0,3
38.918,1752853908.267864,1.16,-3.33,49.49,655.32,0.0,-0.05,0.01,0.99,0.0,0.0,22.59,1005.36,0.0,0.0,0.0,3
39.087,1752853908.447382,1.16,-3.33,49.49,655.34,0.0,-0.06,0.01,0.0,0.0,0.0,22.6,1005.36,0.0,0.0,0.0,3
39.325,1752853908.640707,1.16,-3.33,49.49,655.24,0.0,-0.06,0.01,0.99,0.0,0.0,22.58,1005.37,0.0,0.0,0.0,3
39.547,1752853908.811608,1.16,-3.33,49.49,655.25,0.0,-0.05,9.49,0.0,0.0,0.0,22.57,1005.37,0.0,0.0,0.0,3
39.657,1752853909.0040908,1.16,-3.33,49.49,655.23,0.0,-0.05,9.49,0.0,0.0,0.0,22.57,1005.37,0.0,0.0,0.0,3
39.832,1752853909.197788,1.16,-3.33,49.49,655.25,0.0,-0.06,0.01,0.99,0.0,0.0,22.57,1005.37,0.0,0.0,0.0,3
40.003,1752853909.381108,1.16,-3.33,49.49,655.26,0.0,-0.06,0.01,0.99,0.0,0.0,22.58,1005.36,0.0,0.0,0.0,3
40.206,1752853909.5627465,1.16,-3.33,49.49,655.21,0.0,-0.06,0.01,0.99,0.0,0.0,22.57,1005.37,0.0,0.0,0.0,3
40.4,1752853909.7535772,1.15,-3.33,49.49,655.27,0.0,-0.06,0.01,0.98,0.0,0.0,22.57,1005.36,0.0,0.0,0.0,3
40.626,1752853909.9347503,1.16,-3.33,49.49,655.26,0.0,-0.05,0.01,0.98,0.0,0.0,22.57,1005.36,0.0,0.0,0.0,3
40.75,1752853910.115851,1.16,-3.33,49.49,655.29,0.0,-0.05,0.01,0.98,0.0,0.0,22.57,1005.36,0.0,0.0,0.0,3
40.993,1752853910.2979052,1.16,-3.33,49.49,655.28,0.0,-0.06,0.01,0.99,0.0,0.0,22.57,1005.36,0.0,0.0,0.0,3
41.108,1752853910.4784079,1.15,-3.33,49.49,655.28,0.0,-0.06,0.01,0.99,0.0,0.0,22.56,1005.36,0.0,0.0,0.0,3
41.318,1752853910.681378,1.16,-3.33,49.49,655.26,0.0,-0.06,0.01,0.99,0.0,0.0,22.57,1005.36,0.0,0.0,0.0,3
41.565,1752853910.8754444,1.16,-3.33,49.49,655.3,0.0,-0.06,0.01,0.99,0.0,0.0,22.57,1005.36,0.0,0.0,0.0,3
41.693,1752853911.048402,1.16,-3.33,49.49,655.27,0.0,-0.06,0.01,0.99,0.0,0.0,22.56,1005.36,0.0,0.0,0.0,3
41.916,1752853911.2411802,1.16,-3.33,49.49,0.02,0.0,-0.06,0.01,0.98,0.0,0.0,22.58,1005.35,0.0,0.0,0.0,3
42.108,1752853911.422252,1.16,-3.33,49.49,0.02,0.0,-0.06,0.01,0.98,0.0,0.0,22.59,1005.35,0.0,0.0,0.0,3
42.221,1752853911.6135874,1.16,-3.33,49.49,0.0,0.0,-0.06,0.01,0.98,0.0,0.0,22.59,1005.35,0.0,0.0,0.0,3
42.441,1752853911.793474,1.16,-3.33,49.49,0.01,0.0,-0.05,0.01,0.98,0.0,0.0,22.59,1005.35,0.0,0.0,0.0,3
42.665,1752853911.9860206,1.15,-3.33,49.49,655.35,0.0,-0.05,0.01,0.98,0.0,0.0,22.58,1005.35,0.0,0.0,0.0,3
42.804,1752853912.178979,1.16,-3.33,49.49,655.29,0.0,-0.06,0.01,0.99,0.0,0.0,22.58,1005.36,0.0,0.0,0.0,3
43.005,1752853912.3706207,1.16,-3.33,49.49,655.28,0.0,-0.05,0.01,0.98,0.0,0.0,22.57,1005.36,0.0,0.0,0.0,3
43.249,1752853912.542063,1.16,-3.33,49.49,655.33,0.0,-0.05,0.01,0.98,0.0,0.0,22.59,1005.36,0.0,0.0,0.0,3
43.353,1752853912.736593,1.16,-3.33,49.49,0.02,0.0,-0.05,0.01,0.98,0.0,0.0,22.59,1005.35,0.0,0.0,0.0,3
43.577,1752853912.919331,1.16,-3.33,49.49,655.32,0.0,-0.06,0.01,0.98,0.0,0.0,22.59,1005.36,0.0,0.0,0.0,3
43.769,1752853913.11254,1.16,-3.34,49.49,655.26,0.0,-0.05,0.01,0.99,0.0,0.0,22.58,1005.36,0.0,0.0,0.0,3
43.978,1752853913.2947247,1.16,-3.34,49.49,655.32,0.0,-0.05,0.01,0.98,0.0,0.0,22.59,1005.36,0.0,0.0,0.0,3
44.098,1752853913.4772637,1.16,-3.34,49.49,655.33,0.0,-0.05,0.01,0.98,0.0,0.0,22.59,1005.36,0.0,0.0,0.0,3
44.342,1752853913.6815715,1.16,-3.34,49.48,655.3,0.0,-0.06,0.01,0.98,0.0,0.0,22.58,1005.36,0.0,0.0,0.0,3
44.558,1752853913.863366,1.16,-3.34,49.48,655.22,0.0,-0.05,0.01,0.99,0.0,0.0,22.57,1005.37,0.0,0.0,0.0,3
44.699,1752853914.045715,1.16,-3.34,49.48,655.23,0.0,-0.05,0.01,0.99,0.0,0.0,22.57,1005.37,0.0,0.0,0.0,3
44.848,1752853914.2377532,1.16,-3.34,49.48,655.23,0.0,-0.06,0.01,0.98,0.0,0.0,22.58,1005.37,0.0,0.0,0.0,3
45.053,1752853914.420151,1.16,-3.34,49.48,655.17,0.0,-0.05,0.01,0.99,0.0,0.0,22.56,1005.38,0.0,0.0,0.0,3
45.273,1752853914.6194763,1.16,-3.34,49.48,655.24,0.0,-0.06,0.01,0.99,0.0,0.0,22.57,1005.37,0.0,0.0,0.0,3
45.425,1752853914.7847564,1.16,-3.34,49.48,655.32,0.0,-0.06,0.01,0.99,0.0,0.0,22.59,1005.36,0.0,0.0,0.0,3
45.658,1752853914.9832428,1.16,-3.33,49.48,0.0,0.0,-0.06,0.01,0.99,0.0,0.0,22.6,1005.35,0.0,0.0,0.0,3
45.843,1752853915.1741986,1.16,-3.34,49.48,0.0,0.0,-0.06,0.01,0.98,0.0,0.0,22.6,1005.35,0.0,0.0,0.0,3
46.021,1752853915.3656888,1.16,-3.34,49.48,0.03,0.0,-0.05,0.01,0.99,0.0,0.0,22.61,1005.35,0.0,0.0,0.0,3
46.194,1752853915.5366302,1.16,-3.34,49.48,0.05,0.0,-0.05,0.01,0.99,0.0,0.0,22.61,1005.34,0.0,0.0,0.0,3
46.337,1752853915.7291465,1.16,-3.33,49.48,0.04,0.0,-0.05,0.01,0.98,0.0,0.0,22.6,1005.35,0.0,0.0,0.0,3
46.613,1752853915.9090748,1.16,-3.33,49.49,655.33,0.0,-0.05,0.01,0.99,0.0,0.0,22.59,1005.36,0.0,0.0,0.0,3
46.716,1752853916.110337,1.16,-3.33,49.49,655.3,0.0,0.0,0.0,0.0,0.0,0.0,22.58,1005.36,0.0,0.0,0.0,3
46.904,1752853916.2913322,1.16,-3.33,49.48,655.32,0.0,-0.06,0.01,0.98,0.0,0.0,22.58,1005.36,0.0,0.0,0.0,3
47.104,1752853916.472078,1.16,-3.32,49.48,0.02,0.0,-0.06,0.01,0.98,0.0,0.0,22.59,1005.35,0.0,0.0,0.0,3
47.342,1752853916.6647928,1.15,-3.32,49.49,0.0,0.0,-0.05,0.01,0.99,0.0,0.0,22.6,1005.35,0.0,0.0,0.0,3
47.521,1752853916.8563163,1.15,-3.32,49.48,655.34,0.0,-0.06,0.01,0.98,0.0,0.0,22.6,1005.35,0.0,0.0,0.0,3
47.674,1752853917.038153,1.15,-3.32,49.48,655.33,0.0,-0.06,0.01,49.48,0.0,0.0,22.61,1005.36,0.0,0.0,0.0,3
47.848,1752853917.2304885,1.16,-3.32,49.48,655.31,0.0,-0.05,0.01,0.98,0.0,0.0,22.59,1005.36,0.0,0.0,0.0,3
48.035,1752853917.4118574,1.16,-3.32,49.48,655.28,0.0,-0.06,0.01,0.99,0.0,0.0,22.59,1005.36,0.0,0.0,0.0,3
48.238,1752853917.6022878,1.16,-3.32,49.48,0.0,0.0,-0.05,0.01,0.99,0.0,0.0,22.6,1005.35,0.0,0.0,0.0,3
48.448,1752853917.7822466,1.16,-3.33,49.48,655.33,0.0,-0.05,0.01,0.99,0.0,0.0,22.59,1005.36,0.0,0.0,0.0,3
48.619,1752853917.9720564,1.16,-3.33,49.48,0.0,0.0,-0.1,0.01,0.99,0.0,0.0,22.59,1005.35,0.0,0.0,0.0,3
48.816,1752853918.1643672,1.16,-3.33,49.48,0.03,0.0,-0.06,0.01,0.98,0.0,0.0,22.61,1005.35,0.0,0.0,0.0,3
48.963,1752853918.3556116,1.16,-3.32,49.48,0.03,0.0,-0.06,0.01,0.98,0.0,0.0,22.6,1005.35,0.0,0.0,0.0,3
49.181,1752853918.5362558,1.16,-3.32,49.48,655.35,0.0,-0.06,0.01,0.99,0.0,0.0,22.59,1005.35,0.0,0.0,0.0,3
49.334,1752853918.7188025,1.16,-3.33,49.48,655.32,0.0,-0.06,0.01,0.98,0.0,0.0,22.59,1005.36,0.0,0.0,0.0,3
49.548,1752853918.9103978,1.16,-3.32,49.48,655.26,0.0,-0.05,0.01,0.99,0.0,0.0,22.58,1005.36,0.0,0.0,0.0,3
49.719,1752853919.1114051,1.16,-3.32,49.48,655.28,0.0,-0.06,0.01,0.98,0.0,0.0,22.58,1005.36,0.0,0.0,0.0,3
49.926,1752853919.282084,1.16,-3.32,49.48,655.28,0.0,-0.06,0.01,0.99,0.0,0.0,22.57,1005.36,0.0,0.0,0.0,3
50.083,1752853919.4732924,1.16,-3.33,49.48,655.26,0.0,-0.05,0.01,0.99,0.0,0.0,22.58,1005.36,0.0,0.0,0.0,3
50.271,1752853919.665876,1.16,-3.33,49.48,0.0,0.0,-0.06,0.01,0.99,0.0,0.0,22.6,1005.35,0.0,0.0,0.0,3
50.529,1752853919.8577616,1.16,-3.33,49.48,0.0,0.0,-0.05,0.01,0.99,0.0,0.0,22.59,1005.35,0.0,0.0,0.0,3
50.669,1752853920.028757,1.16,-3.32,49.48,655.33,0.0,-0.06,0.01,0.99,0.0,0.0,22.58,1005.36,0.0,0.0,0.0,3
50.865,1752853920.2318037,1.16,-3.32,49.48,655.31,0.0,-0.05,0.01,0.99,0.0,0.0,22.58,1005.36,0.0,0.0,0.0,3
51.016,1752853920.4129589,1.16,-3.33,49.48,655.29,0.0,-0.06,0.01,0.99,0.0,0.0,22.57,1005.36,0.0,0.0,0.0,3
51.244,1752853920.604661,1.16,-3.33,49.48,655.26,0.0,-0.06,0.01,0.98,0.0,0.0,22.57,1005.36,0.0,0.0,0.0,3
51.428,1752853920.7835996,1.16,-3.33,49.48,655.28,0.0,-0.05,0.01,0.99,0.0,0.0,22.57,1005.36,0.0,0.0,0.0,3
51.584,1752853920.9741242,1.15,-3.33,49.48,655.28,0.0,-0.06,0.01,0.98,0.0,0.0,22.57,1005.36,0.0,0.0,0.0,3
51.842,1752853921.1654868,1.15,-3.33,49.49,655.3,0.0,-0.05,0.01,0.99,0.0,0.0,22.57,1005.36,0.0,0.0,0.0,3
51.96,1752853921.3479161,1.16,-3.33,49.49,655.32,0.0,-0.05,0.01,0.99,0.0,0.0,22.58,1005.36,0.0,0.0,0.0,3
52.173,1752853921.5200267,1.16,-3.33,49.49,655.34,0.0,-0.05,0.01,0.98,0.0,0.0,22.58,1005.35,0.0,0.0,0.0,3
52.325,1752853921.7121427,1.16,-3.33,49.49,0.0,0.0,-0.06,0.01,0.98,0.0,0.0,22.58,1005.35,0.0,0.0,0.0,3
52.536,1752853921.903706,1.16,-3.33,49.49,0.0,0.0,-0.05,0.01,0.98,0.0,0.0,22.59,1005.35,0.0,0.0,0.0,3
52.731,1752853922.0970395,1.15,-3.33,49.49,655.34,0.0,-0.06,0.01,0.99,0.0,0.0,22.59,1005.35,0.0,0.0,0.0,3
52.963,1752853922.2792137,1.16,-3.33,49.49,0.0,0.0,-0.06,0.01,0.98,0.0,0.0,22.59,1005.35,0.0,0.0,0.0,3
53.09,1752853922.4711728,1.16,-3.33,49.49,655.31,0.0,-0.05,0.01,0.99,0.0,0.0,22.59,1005.36,0.0,0.0,0.0,3
53.289,1752853922.665873,1.16,-3.34,49.49,655.31,0.0,-0.06,0.01,0.98,0.0,0.0,22.58,1005.36,0.0,0.0,0.0,3
53.494,1752853922.848071,1.16,-3.34,49.49,655.33,0.0,-0.06,0.01,0.98,0.0,0.0,22.58,1005.36,0.0,0.0,0.0,3
53.707,1752853923.0201828,1.16,-3.33,49.49,655.31,0.0,-0.05,0.01,0.98,0.0,0.0,22.59,1005.36,0.0,0.0,0.0,3
53.822,1752853923.2130022,1.16,-3.34,49.49,655.3,0.0,-0.06,0.01,0.99,0.0,0.0,22.58,1005.36,0.0,0.0,0.0,3
54.055,1752853923.405052,1.16,-3.33,49.49,655.3,0.0,-0.05,0.01,0.99,0.0,0.0,22.58,1005.36,0.0,0.0,0.0,3
54.225,1752853923.5973983,1.16,-3.33,49.49,655.3,0.0,-0.05,0.01,0.99,0.0,0.0,22.57,1005.36,0.0,0.0,0.0,3
54.415,1752853923.7771444,1.16,-3.33,49.49,655.3,0.0,-0.05,0.0,0.0,0.0,0.0,22.57,1005.36,0.0,0.0,0.0,3
54.599,1752853923.9567719,1.16,-3.33,49.49,655.34,0.0,-0.06,0.01,0.99,0.0,0.0,22.57,1005.35,0.0,0.0,0.0,3
54.783,1752853924.1489372,1.16,-3.33,49.49,655.33,0.0,-0.06,0.01,0.99,0.0,0.0,22.57,1005.36,0.0,0.0,0.0,3
54.966,1752853924.3390965,1.16,-3.33,49.49,655.35,0.0,-0.06,0.01,0.98,0.0,0.0,22.56,1005.35,0.0,0.0,0.0,3
55.202,1752853924.5220077,1.16,-3.33,49.49,655.33,0.0,-0.06,0.01,0.99,0.0,0.0,22.56,1005.36,0.0,0.0,0.0,3
55.371,1752853924.725271,1.16,-3.33,49.48,655.27,0.0,-0.05,0.01,0.99,0.0,0.0,22.56,1005.36,0.0,0.0,0.0,3
55.537,1752853924.9071264,1.16,-3.33,49.48,655.27,0.0,-0.06,0.01,0.99,0.0,0.0,22.55,1005.36,0.0,0.0,0.0,3
55.698,1752853925.088161,1.16,-3.33,49.48,655.28,0.0,-0.06,0.01,0.99,0.0,0.0,22.56,1005.36,0.0,0.0,0.0,3
55.916,1752853925.2691114,1.16,-3.33,49.48,655.33,0.0,-0.05,0.01,0.99,0.0,0.0,22.56,1005.36,0.0,0.0,0.0,3
56.091,1752853925.4620726,1.16,-3.33,49.48,0.0,0.0,-0.05,0.01,0.99,0.0,0.0,22.57,1005.35,0.0,0.0,0.0,3
56.288,1752853925.655018,1.16,-3.33,49.48,655.33,0.0,-0.06,0.01,0.98,0.0,0.0,22.58,1005.36,0.0,0.0,0.0,3
56.478,1752853925.8475137,1.16,-3.33,49.48,0.02,0.0,-0.06,0.01,0.99,0.0,0.0,22.59,1005.35,0.0,0.0,0.0,3
56.642,1752853926.0173173,1.16,-3.33,49.48,655.35,0.0,-0.06,0.01,0.99,0.0,0.0,22.6,1005.35,0.0,0.0,0.0,3
56.859,1752853926.2097323,1.16,-3.33,49.48,0.0,0.0,-0.06,0.01,0.98,0.0,0.0,22.6,1005.35,0.0,0.0,0.0,3
57.06,1752853926.4022374,1.16,-3.33,49.48,655.35,0.0,-0.06,0.01,0.99,0.0,0.0,22.6,1005.35,0.0,0.0,0.0,3
57.24,1752853926.5841174,1.16,-3.33,49.48,0.0,0.0,-0.06,0.01,0.98,0.0,0.0,22.6,1005.35,0.0,0.0,0.0,3
57.39,1752853926.7666037,1.16,-3.33,49.48,0.0,0.0,-0.05,0.01,0.99,0.0,0.0,22.61,1005.35,0.0,0.0,0.0,3
57.627,1752853926.9567277,1.16,-3.33,49.43,0.03,0.0,0.0,-0.06,0.01,0.0,0.0,22.6,1005.35,0.0,0.0,0.0,3
57.829,1752853927.1474023,1.16,-3.33,49.48,0.04,0.0,-0.05,0.01,0.98,0.0,0.0,22.6,1005.35,0.0,0.0,0.0,3
57.993,1752853927.3277519,1.16,-3.33,49.48,0.01,0.0,-0.05,0.01,0.99,0.0,0.0,22.6,1005.35,0.0,0.0,0.0,3
58.154,1752853927.508008,1.16,-3.33,49.48,0.01,0.0,-0.06,0.01,0.99,0.0,0.0,22.61,1005.35,0.0,0.0,0.0,3
58.383,1752853927.699724,1.16,-3.33,49.48,655.35,0.0,-0.06,0.01,0.99,0.0,0.0,22.6,1005.35,0.0,0.0,0.0,3
58.533,1752853927.891504,1.16,-3.33,49.48,655.33,0.0,-0.06,0.01,0.99,0.0,0.0,22.6,1005.36,0.0,0.0,0.0,3
58.692,1752853928.221771,1.16,-3.33,49.48,655.31,0.0,-0.05,0.01,0.0,0.0,0.0,22.59,1005.36,0.0,0.0,0.0,3
58.899,1752853928.3075452,1.16,-3.33,49.48,0.0,0.0,-0.06,0.01,0.99,0.0,0.0,22.61,1005.35,0.0,0.0,0.0,3
59.062,1752853928.4455316,1.16,-3.33,49.48,655.35,0.0,-0.06,0.01,0.99,0.0,0.0,22.61,1005.35,0.0,0.0,0.0,3
59.253,1752853928.638215,1.16,-3.33,49.48,0.0,0.0,-0.06,0.01,0.98,0.0,0.0,22.61,1005.35,0.0,0.0,0.0,3
59.486,1752853928.8202257,1.16,-3.33,49.48,655.33,0.0,-0.05,0.01,0.98,0.0,0.0,22.59,1005.36,0.0,0.0,0.0,3
59.707,1752853929.013643,1.16,-3.33,49.48,655.31,0.0,-0.06,0.01,0.98,0.0,0.0,22.58,1005.36,0.0,0.0,0.0,3
59.886,1752853929.1955602,1.16,-3.33,49.48,655.3,0.0,-0.06,0.01,0.9,0.0,0.0,22.58,1005.36,0.0,0.0,0.0,3
60.026,1752853929.3887877,1.16,-3.33,49.48,655.3,0.0,-0.05,0.01,0.98,0.0,0.0,22.58,1005.36,0.0,0.0,0.0,3
60.207,1752853929.58144,1.16,-3.32,49.48,0.0,0.0,-0.05,0.01,0.99,0.0,0.0,22.59,1005.35,0.0,0.0,0.0,3
60.373,1752853929.7522972,1.16,-3.33,49.48,0.01,0.0,-0.06,0.01,0.98,0.0,0.0,22.6,1005.35,0.0,0.0,0.0,3
60.572,1752853929.9441032,1.16,-3.33,49.48,0.02,0.0,-0.06,0.01,0.99,0.0,0.0,22.6,1005.35,0.0,0.0,0.0,3
60.752,1752853930.1346104,1.16,-3.33,49.48,0.03,0.0,-0.05,0.01,0.98,0.0,0.0,22.6,1005.35,0.0,0.0,0.0,3
60.942,1752853930.325492,1.16,-3.33,49.48,0.04,0.0,-0.05,0.01,0.99,0.0,0.0,22.6,1005.35,0.0,0.0,0.0,3
61.125,1752853930.5067549,1.16,-3.33,49.48,655.35,0.0,-0.05,0.01,0.99,0.0,0.0,22.59,1005.35,0.0,0.0,0.0,3
61.318,1752853930.6991494,1.16,-3.33,49.48,655.27,0.0,-0.05,0.01,0.98,0.0,0.0,22.59,1005.36,0.0,0.0,0.0,3
61.502,1752853930.8910995,1.16,-3.33,49.48,655.28,0.0,-0.06,0.01,0.99,0.0,0.0,22.59,1005.36,0.0,0.0,0.0,3
61.751,1752853931.0829806,1.16,-3.33,49.48,655.28,0.0,-0.06,0.01,0.99,0.0,0.0,22.59,1005.36,0.0,0.0,0.0,3
61.953,1752853931.2541404,1.16,-3.32,49.48,655.3,0.0,-0.06,0.01,0.98,0.0,0.0,22.59,1005.36,0.0,0.0,0.0,3
62.081,1752853931.4486215,1.16,-3.32,49.49,655.32,0.0,-0.06,0.01,0.99,0.0,0.0,22.59,1005.36,0.0,0.0,0.0,3
62.318,1752853931.6410444,1.16,-3.32,49.49,655.31,0.0,-0.05,0.01,0.98,0.0,0.0,22.58,1005.36,0.0,0.0,0.0,3
62.445,1752853931.8121684,1.16,-3.32,49.49,655.32,0.0,-0.06,0.01,0.99,0.0,0.0,22.58,1005.36,0.0,0.0,0.0,3
62.644,1752853932.0034869,1.16,-3.32,49.49,655.33,0.0,-0.06,0.01,0.99,0.0,0.0,22.59,1005.36,0.0,0.0,0.0,3
62.806,1752853932.1943846,1.16,-3.32,49.49,655.33,0.0,-0.06,0.01,0.99,0.0,0.0,22.61,1005.36,0.0,0.0,0.0,3
62.999,1752853932.3764005,1.16,-3.32,49.49,655.34,0.0,-0.06,0.01,0.98,0.0,0.0,22.6,1005.35,0.0,0.0,0.0,3
63.233,1752853932.5562878,1.16,-3.32,49.49,655.3,0.0,-0.05,0.01,0.98,0.0,0.0,22.6,1005.36,0.0,0.0,0.0,3
63.368,1752853932.7452953,1.16,-3.32,49.49,655.29,0.0,-0.05,0.01,0.99,0.0,0.0,22.59,1005.36,0.0,0.0,0.0,3
63.611,1752853932.93995,1.16,-3.32,49.48,655.33,0.0,-0.05,0.01,0.98,0.0,0.0,22.6,1005.36,0.0,0.0,0.0,3
63.746,1752853933.1312413,1.16,-3.32,49.49,0.0,0.0,-0.05,0.01,0.99,0.0,0.0,22.6,1005.35,0.0,0.0,0.0,3
63.975,1752853933.3025298,1.16,-3.33,49.49,655.33,0.0,-0.05,0.01,0.99,0.0,0.0,22.6,1005.36,0.0,0.0,0.0,3
64.158,1752853933.5034747,1.16,-3.32,49.49,655.29,0.0,-0.06,0.01,-0.42,0.0,0.0,22.59,1005.36,0.0,0.0,0.0,3
64.299,1752853933.6841052,1.16,-3.32,49.48,655.3,0.0,-0.05,0.01,0.98,0.0,0.0,22.6,1005.36,0.0,0.0,0.0,3
64.541,1752853933.8754992,1.16,-3.31,49.48,655.31,0.0,-0.05,0.0,0.98,0.0,0.0,22.58,1005.36,0.0,0.0,0.0,3
64.685,1752853934.0555396,1.15,-3.31,49.48,655.3,0.0,-0.05,0.01,0.98,0.0,0.0,22.58,1005.36,0.0,0.0,0.0,3
64.94,1752853934.2471483,1.15,-3.32,49.48,655.25,0.0,-0.05,0.01,0.99,0.0,0.0,22.57,1005.37,0.0,0.0,0.0,3
65.071,1752853934.4394424,1.16,-3.32,49.48,655.24,0.0,-0.05,0.01,0.98,0.0,0.0,22.57,1005.37,0.0,0.0,0.0,3
65.266,1752853934.6299841,1.16,-3.32,49.48,655.24,0.0,-0.06,0.01,0.99,0.0,0.0,22.57,1005.37,0.0,0.0,0.0,3
65.508,1752853934.8121371,1.16,-3.32,49.48,655.18,0.0,-0.06,0.01,0.99,0.0,0.0,22.56,1005.37,0.0,0.0,0.0,3
65.605,1752853935.0055163,1.16,-3.32,49.48,655.17,0.0,-0.06,0.01,0.99,0.0,0.0,22.56,1005.37,0.0,0.0,0.0,3
65.84,1752853935.1959488,1.16,-3.32,49.48,655.24,0.0,-0.05,0.01,0.98,0.0,0.0,22.57,1005.37,0.0,0.0,0.0,3
65.983,1752853935.3789883,1.16,-3.32,49.48,655.23,0.0,-0.05,0.01,0.98,0.0,0.0,22.57,1005.37,0.0,0.0,0.0,3
66.185,1752853935.5606806,1.16,-3.32,49.48,655.27,0.0,-0.06,0.01,58.0,0.0,0.0,22.58,1005.36,0.0,0.0,0.0,3
66.406,1752853935.7414227,1.16,-3.32,49.48,655.24,0.0,-0.06,0.01,0.99,0.0,0.0,22.57,1005.37,0.0,0.0,0.0,3
66.558,1752853935.943542,1.16,-3.32,49.48,655.3,0.0,-0.05,0.01,0.98,0.0,0.0,22.59,1005.36,0.0,0.0,0.0,3
66.744,1752853936.1230254,1.16,-3.33,49.48,0.06,0.0,-0.06,0.01,0.99,0.0,0.0,22.6,1005.34,0.0,0.0,0.0,3
66.955,1752853936.3034678,1.16,-3.33,49.48,0.11,0.0,-0.05,0.01,0.98,0.0,0.0,22.61,1005.34,0.0,0.0,0.0,3
67.107,1752853936.4942193,1.16,-3.33,49.48,0.13,0.0,-0.06,0.01,0.98,0.0,0.0,22.61,1005.34,0.0,0.0,0.0,3
67.305,1752853936.6765718,1.16,-3.32,49.48,0.15,0.0,-0.06,0.01,0.98,0.0,0.0,22.62,1005.33,0.0,0.0,0.0,3
67.498,1752853936.8827682,1.16,-3.32,49.48,0.16,0.0,-0.05,0.01,0.99,0.0,0.0,22.62,1005.33,0.0,0.0,0.0,3
67.752,1752853937.0555062,1.16,-3.32,49.48,0.11,0.0,-0.05,0.01,12.0,0.0,0.0,22.63,1005.34,0.0,0.0,0.0,3
67.862,1752853937.2470336,1.16,-3.32,49.48,0.09,0.0,-0.06,0.01,0.99,0.0,0.0,22.63,1005.34,0.0,0.0,0.0,3
68.084,1752853937.4284904,1.16,-3.33,49.48,0.07,0.0,-0.05,0.01,0.99,0.0,0.0,22.61,1005.34,0.0,0.0,0.0,3
68.284,1752853937.6207209,1.16,-3.32,49.48,0.04,0.0,-0.05,0.01,0.99,0.0,0.0,22.61,1005.35,0.0,0.0,0.0,3
68.485,1752853937.802181,1.16,-3.32,49.48,0.02,0.0,-0.06,0.02,0.99,0.0,0.0,22.61,1005.35,0.0,0.0,0.0,3
68.601,1752853937.994113,1.16,-3.31,49.47,0.01,0.0,-0.05,0.0,0.98,0.0,0.0,22.61,1005.35,0.0,0.0,0.0,3
68.798,1752853938.1875322,1.16,-3.32,49.48,655.34,0.0,-0.05,0.01,0.98,0.0,0.0,22.6,1005.35,0.0,0.0,0.0,3
69.039,1752853938.3704395,1.16,-3.32,49.48,655.33,0.0,-0.06,0.01,0.98,0.0,0.0,22.6,1005.36,0.0,0.0,0.0,3
69.184,1752853938.5395982,1.16,-3.32,49.48,655.29,0.0,-0.06,0.01,0.99,0.0,0.0,22.6,1005.36,0.0,0.0,0.0,3
69.345,1752853938.742627,1.16,-3.31,49.48,655.27,0.0,-0.06,0.01,0.98,0.0,0.0,22.6,1005.36,0.0,0.0,0.0,3
69.565,1752853938.9334002,1.16,-3.31,49.48,655.3,0.0,-0.06,0.01,0.99,0.0,0.0,22.61,1005.36,0.0,0.0,0.0,3
69.762,1752853939.116433,1.16,-3.31,49.48,655.31,0.0,-0.05,0.01,0.99,0.0,0.0,22.6,1005.36,0.0,0.0,0.0,3
69.968,1752853939.2920387,1.16,-3.31,49.48,0.0,0.0,-0.06,0.01,0.99,0.0,0.0,22.61,1005.35,0.0,0.0,0.0,3
70.14,1752853939.485504,1.16,-3.31,49.48,0.0,0.0,-0.05,0.01,0.98,0.0,0.0,22.6,1005.35,0.0,0.0,0.0,3
70.308,1752853939.6771903,1.16,-3.31,49.48,655.3,0.0,-0.05,0.01,0.99,0.0,0.0,22.59,1005.36,0.0,0.0,0.0,3
70.564,1752853939.868602,1.16,-3.32,49.46,0.01,0.0,-0.05,0.01,0.99,0.0,0.0,22.61,1005.35,0.0,0.0,0.0,3
70.67,1752853940.049866,1.16,-3.32,49.45,0.0,0.0,-0.06,0.01,0.99,0.0,0.0,22.62,1005.35,0.0,0.0,0.0,3
70.879,1752853940.2320983,1.16,-3.32,49.44,0.03,0.0,-0.05,0.01,0.98,0.0,0.0,22.62,1005.35,0.0,0.0,0.0,3
71.049,1752853940.423519,1.16,-3.32,49.4,0.0,0.0,-0.06,0.01,0.95,0.0,0.0,22.61,1005.35,0.0,0.0,0.0,3
71.27,1752853940.6261718,1.16,-3.32,49.02,655.35,0.0,-0.06,0.01,0.99,0.0,0.0,22.61,1005.35,0.0,0.0,0.0,3
71.458,1752853940.7961426,1.16,-3.32,48.88,0.0,0.0,-0.06,0.01,0.98,0.0,0.0,22.61,1005.35,0.0,0.0,0.0,3
71.637,1752853940.9864953,1.16,-3.32,48.71,0.0,0.0,-0.05,0.0,0.98,0.0,0.0,22.6,1005.35,0.0,0.0,0.0,3
71.787,1752853941.177521,1.16,-3.32,48.69,655.33,0.0,-0.06,0.0,0.99,0.0,0.0,22.6,1005.36,0.0,0.0,0.0,3
71.99,1752853941.3678496,1.16,-3.32,48.69,655.28,0.0,-0.05,0.01,0.98,0.0,0.0,22.59,1005.36,0.0,0.0,0.0,3
72.169,1752853941.5472808,1.25,-3.32,48.35,655.31,0.0,-0.11,0.11,1.11,0.0,0.0,22.59,1005.36,0.0,0.0,0.0,3
72.432,1752853941.7274091,1.22,-3.31,47.96,0.0,0.0,-0.06,0.01,0.99,0.0,0.0,22.62,1005.35,0.0,0.0,0.0,3
72.537,1752853941.920061,1.22,-3.31,47.97,0.01,0.0,-0.06,0.0,0.99,0.0,0.0,22.62,1005.35,0.0,0.0,0.0,3
72.731,1752853942.673584,1.2,-3.29,48.12,0.06,0.0,-0.05,0.01,0.98,0.0,0.0,22.62,1005.34,0.0,0.0,0.0,3
72.964,1752853942.7486453,1.21,-3.3,48.34,0.04,0.0,-0.04,0.0,0.98,0.0,0.0,22.62,1005.35,0.0,0.0,0.0,3
73.092,1752853942.844036,1.21,-3.3,48.49,0.04,0.0,-0.05,0.0,0.98,0.0,0.0,22.62,1005.35,0.0,0.0,0.0,3
73.313,1752853942.9200072,1.21,-3.34,48.54,655.33,0.0,-0.06,0.02,0.98,0.0,0.0,22.6,1005.36,0.0,0.0,0.0,3
73.552,1752853943.0159476,1.19,-3.27,48.41,655.34,0.0,-0.04,0.01,0.98,0.0,0.0,22.61,1005.35,0.0,0.0,0.0,3
73.697,1752853943.1009984,1.17,-3.27,48.39,0.01,0.0,-0.06,0.0,0.98,0.0,0.0,22.61,1005.35,0.0,0.0,0.0,3
73.882,1752853943.227674,1.2,-3.29,48.31,655.34,0.0,-0.06,0.0,0.98,0.0,0.0,22.6,1005.35,0.0,0.0,0.0,3
74.069,1752853943.4217052,1.39,-3.0,47.53,655.34,0.0,0.06,0.0,0.97,0.0,0.0,22.61,1005.35,0.0,0.0,0.0,3
74.242,1752853943.6169925,1.46,-3.15,47.57,0.04,0.0,-0.07,0.01,0.97,0.0,0.0,22.62,1005.35,0.0,0.0,0.0,3
74.413,1752853943.7944996,2.79,-1.83,47.7,0.05,0.0,0.02,0.06,-0.03,0.0,0.0,22.63,1005.35,0.0,0.0,0.0,3
74.582,1752853943.97864,3.38,-1.35,46.86,0.09,0.0,-0.03,0.1,0.97,0.0,0.0,22.64,1005.34,0.0,0.0,0.0,3
74.829,1752853944.1735535,2.98,-1.91,46.34,0.11,0.0,-0.01,0.06,0.99,0.0,0.0,22.64,1005.34,0.0,0.0,0.0,3
75.034,1752853944.3584538,2.94,-1.92,46.31,0.07,0.0,0.0,0.06,0.98,0.0,0.0,22.64,1005.34,0.0,0.0,0.0,3
75.206,1752853944.5332658,2.18,-2.81,46.27,0.05,0.0,-0.11,0.01,0.99,0.0,0.0,22.64,1005.35,0.0,0.0,0.0,3
75.357,1752853944.7259114,1.85,-3.12,45.93,0.02,0.0,-0.05,0.01,0.97,0.0,0.0,22.63,1005.35,0.0,0.0,0.0,3
75.563,1752853944.919204,2.13,-2.82,45.9,655.32,0.0,-0.03,0.06,0.99,0.0,0.0,22.61,1005.36,0.0,0.0,0.0,3
75.761,1752853945.1110168,2.42,-2.21,45.68,655.32,0.0,-0.06,0.02,0.99,0.0,0.0,22.6,1005.36,0.0,0.0,0.0,3
75.925,1752853945.292302,2.68,-1.92,45.66,655.32,0.0,-0.05,0.02,0.99,0.0,0.0,22.6,1005.36,0.0,0.0,0.0,3
76.146,1752853945.4829433,2.97,-1.34,45.25,0.0,0.0,-0.01,0.07,1.02,0.0,0.0,22.6,1005.35,0.0,0.0,0.0,3
76.28,1752853945.6645238,3.29,-1.17,44.92,655.3,0.0,0.05,0.08,0.91,0.0,0.0,22.59,1005.36,0.0,0.0,0.0,3
76.475,1752853945.8578296,2.93,-1.71,44.96,655.27,0.0,-0.08,-0.06,1.06,0.0,0.0,22.59,1005.36,0.0,0.0,0.0,3
76.762,1752853946.0484333,3.5,-1.72,44.95,655.28,0.0,-0.01,0.06,0.0,0.0,0.0,22.59,1005.36,0.0,0.0,0.0,3
76.863,1752853946.2297275,3.76,-1.34,44.45,655.31,0.0,-0.04,-0.03,1.01,0.0,0.0,22.59,1005.36,0.0,0.0,0.0,3
0.008,1752853979.516851,3.23,-1.39,-0.01,0.01,0.0,-0.05,0.01,0.99,0.0,0.0,22.72,1005.33,0.0,0.0,0.0,0
0.066,1752853979.6021476,3.23,-1.39,-0.01,0.01,0.0,-0.05,0.01,0.99,0.0,0.0,22.72,1005.33,0.0,0.0,0.0,0
0.154,1752853979.7739768,3.23,-1.39,-0.01,655.15,0.0,-0.05,0.01,0.99,0.0,0.0,22.67,1005.36,0.0,0.0,0.0,0
0.241,1752853979.9673102,3.23,-1.39,-0.01,655.05,0.0,-0.06,0.01,0.99,0.0,0.0,22.64,1005.37,0.0,0.0,0.0,0
0.271,1752853980.148061,3.23,-1.39,-0.01,655.05,0.0,-0.06,0.01,0.99,0.0,0.0,22.64,1005.37,0.0,0.0,0.0,0
0.317,1752853980.341739,3.22,-1.39,0.0,655.03,0.0,-0.05,0.01,0.99,0.0,0.0,22.63,1005.37,0.0,0.0,0.0,0
0.557,1752853980.5119078,3.22,-1.39,0.0,655.1,0.0,-0.05,0.01,0.98,0.0,0.0,22.63,1005.36,0.0,0.0,0.0,0
0.69,1752853980.7042346,3.22,-1.39,0.0,655.12,0.0,-0.05,0.0,0.01,0.0,0.0,22.62,1005.36,0.0,0.0,0.0,0
0.917,1752853980.8852189,3.22,-1.39,0.0,655.08,0.0,0.0,0.0,0.0,0.0,0.0,22.61,1005.37,0.0,0.0,0.0,0
1.082,1752853981.0774488,3.22,-1.39,0.0,655.08,0.0,-0.05,0.01,0.98,0.0,0.0,22.61,1005.37,0.0,0.0,0.0,0
1.251,1752853981.2588437,3.22,-1.39,-0.01,655.1,0.0,-0.05,0.01,0.98,0.0,0.0,22.61,1005.36,0.0,0.0,0.0,0
1.474,1752853981.438595,3.22,-1.39,-0.01,655.15,0.0,-0.05,0.01,0.99,0.0,0.0,22.62,1005.36,0.0,0.0,0.0,0
1.678,1752853981.63037,3.22,-1.39,-0.01,655.14,0.0,-0.05,0.01,0.98,0.0,0.0,22.62,1005.36,0.0,0.0,0.0,0
1.82,1752853981.8007607,3.22,-1.39,-0.01,655.1,0.0,-0.05,0.01,0.98,0.0,0.0,22.61,1005.36,0.0,0.0,0.0,0
2.003,1752853981.9920766,3.22,-1.39,-0.01,655.09,0.0,-0.05,0.01,0.99,0.0,0.0,22.61,1005.36,0.0,0.0,0.0,0
2.219,1752853982.1744633,3.22,-1.39,-0.01,655.16,0.0,-0.05,0.01,0.99,0.0,0.0,22.61,1005.36,0.0,0.0,0.0,0
2.34,1752853982.3670418,3.22,-1.39,-0.01,655.15,0.0,-0.06,0.01,0.98,0.0,0.0,22.61,1005.36,0.0,0.0,0.0,0
2.517,1752853982.546444,3.22,-1.39,-0.01,655.18,0.0,-0.05,0.02,0.98,0.0,0.0,22.61,1005.35,0.0,0.0,0.0,0
2.71,1752853982.7361753,3.22,-1.39,-0.01,655.27,0.0,-0.05,0.01,0.99,0.0,0.0,22.63,1005.34,0.0,0.0,0.0,0
2.948,1752853982.9171383,3.22,-1.39,-0.01,655.31,0.0,-0.05,0.01,0.99,0.0,0.0,22.63,1005.34,0.0,0.0,0.0,0
3.092,1752853983.1088264,3.22,-1.39,-0.01,655.28,0.0,-0.05,-0.01,0.0,0.0,0.0,22.62,1005.34,0.0,0.0,0.0,0
3.258,1752853983.2908323,3.22,-1.39,-0.01,655.25,0.0,-0.05,0.01,0.98,0.0,0.0,22.63,1005.35,0.0,0.0,0.0,0
3.462,1752853983.483027,3.22,-1.39,-0.01,655.24,0.0,-0.05,0.01,0.99,0.0,0.0,22.63,1005.35,0.0,0.0,0.0,0
3.701,1752853983.6631505,3.22,-1.39,-0.01,655.28,0.0,-0.05,0.01,0.99,0.0,0.0,22.63,1005.34,0.0,0.0,0.0,0
3.827,1752853983.853248,3.22,-1.39,-0.01,655.23,0.0,-0.05,0.01,0.99,0.0,0.0,22.62,1005.35,0.0,0.0,0.0,0
4.019,1752853984.023089,3.22,-1.39,-0.01,655.15,0.0,-0.05,0.01,0.99,0.0,0.0,22.61,1005.36,0.0,0.0,0.0,0
4.24,1752853984.215001,3.22,-1.39,-0.01,655.21,0.0,-0.05,0.01,0.99,0.0,0.0,22.61,1005.35,0.0,0.0,0.0,0
4.387,1752853984.4060748,3.22,-1.39,-0.01,655.22,0.0,-0.05,0.01,0.99,0.0,0.0,22.62,1005.35,0.0,0.0,0.0,0
4.55,1752853984.5858939,3.22,-1.39,-0.01,655.27,0.0,-0.05,0.01,0.98,0.0,0.0,22.62,1005.34,0.0,0.0,0.0,0
4.786,1752853984.765413,3.22,-1.39,-0.01,655.31,0.0,-0.05,0.01,0.98,0.0,0.0,22.64,1005.34,0.0,0.0,0.0,0
4.953,1752853984.9477308,3.22,-1.39,-0.01,655.31,0.0,-0.05,0.01,0.98,0.0,0.0,22.64,1005.34,0.0,0.0,0.0,0
5.107,1752853985.141431,3.22,-1.39,-0.01,655.33,0.0,-0.05,0.01,0.98,0.0,0.0,22.64,1005.34,0.0,0.0,0.0,0
5.351,1752853985.333964,3.22,-1.39,-0.01,655.23,0.0,-0.05,0.01,0.98,0.0,0.0,22.63,1005.35,0.0,0.0,0.0,0
5.518,1752853985.5033884,3.22,-1.39,-0.01,655.18,0.0,-0.05,0.01,0.99,0.0,0.0,22.62,1005.35,0.0,0.0,0.0,0
5.718,1752853985.684019,3.22,-1.39,-0.01,655.23,0.0,-0.05,0.01,0.99,0.0,0.0,22.63,1005.35,0.0,0.0,0.0,0
5.843,1752853985.8858323,3.22,-1.39,-0.01,655.2,0.0,-0.05,0.01,0.99,0.0,0.0,22.61,1005.35,0.0,0.0,0.0,0
6.221,1752853986.2380843,3.22,-1.39,-0.01,655.12,0.0,-0.05,0.01,0.98,0.0,0.0,22.61,1005.36,0.0,0.0,0.0,0
6.412,1752853986.4305146,3.22,-1.39,-0.01,655.12,0.0,-0.05,0.01,0.98,0.0,0.0,22.6,1005.36,0.0,0.0,0.0,0
6.63,1752853986.6216407,3.22,-1.39,-0.01,655.09,0.0,-0.05,0.01,0.99,0.0,0.0,22.61,1005.37,0.0,0.0,0.0,0
6.803,1752853986.8019223,3.22,-1.39,-0.01,655.11,0.0,-0.05,0.01,0.98,0.0,0.0,22.61,1005.36,0.0,0.0,0.0,0
6.963,1752853986.982941,3.22,-1.39,-0.01,655.12,0.0,-0.05,0.01,0.99,0.0,0.0,22.61,1005.36,0.0,0.0,0.0,0
7.177,1752853987.1750896,3.22,-1.39,-0.01,655.16,0.0,-0.05,0.01,0.99,0.0,0.0,22.62,1005.36,0.0,0.0,0.0,0
7.389,1752853987.3566508,3.22,-1.39,-0.01,655.18,0.0,-0.05,0.02,0.99,0.0,0.0,22.62,1005.35,0.0,0.0,0.0,0
7.531,1752853987.5386,3.22,-1.39,-0.01,655.2,0.0,-0.05,0.01,0.99,0.0,0.0,22.62,1005.35,0.0,0.0,0.0,0
7.727,1752853987.7305944,3.22,-1.39,-0.01,655.13,0.0,-0.05,-1.39,-0.01,0.0,0.0,22.61,1005.36,0.0,0.0,0.0,0
7.885,1752853987.912682,3.22,-1.39,-0.01,655.1,0.0,-0.05,0.01,0.9,0.0,0.0,22.6,1005.36,0.0,0.0,0.0,0
8.086,1752853988.1035144,3.22,-1.39,-0.01,655.2,0.0,-0.05,0.01,0.99,0.0,0.0,22.63,1005.35,0.0,0.0,0.0,0
8.257,1752853988.2751997,3.22,-1.39,-0.01,655.27,0.0,-0.05,0.01,0.99,0.0,0.0,22.63,1005.34,0.0,0.0,0.0,0
8.459,1752853988.467066,3.22,-1.39,-0.01,655.34,0.0,-0.05,0.01,0.91,0.0,0.0,22.64,1005.34,0.0,0.0,0.0,0
8.65,1752853988.65734,3.22,-1.39,-0.01,655.34,0.0,-0.05,0.01,0.99,0.0,0.0,22.63,1005.34,0.0,0.0,0.0,3
8.807,1752853988.8489006,3.22,-1.39,-0.01,655.31,0.0,-0.05,0.01,0.98,0.0,0.0,22.64,1005.34,0.0,0.0,0.0,3
9.016,1752853989.0197597,3.21,-1.39,-0.01,655.22,0.0,-0.05,0.01,0.99,0.0,0.0,22.63,1005.35,0.0,0.0,0.0,3
9.369,1752853989.3934748,3.22,-1.39,-0.01,655.19,0.0,-0.05,0.01,0.9,0.0,0.0,22.62,1005.35,0.0,0.0,0.0,3
9.789,1752853989.767809,3.22,-1.39,-0.01,655.21,0.0,-0.06,0.01,0.99,0.0,0.0,22.63,1005.35,0.0,0.0,0.0,3
9.943,1752853989.9494014,3.22,-1.39,-0.01,655.17,0.0,-0.05,0.01,0.92,0.0,0.0,22.62,1005.36,0.0,0.0,0.0,3
10.099,1752853990.6833105,3.22,-1.39,-0.01,655.17,0.0,-0.05,0.01,0.98,0.0,0.0,22.62,1005.36,0.0,0.0,0.0,3
10.325,1752853990.7595298,3.22,-1.39,-0.01,655.17,0.0,-0.06,0.01,0.98,0.0,0.0,22.62,1005.36,0.0,0.0,0.0,3
10.507,1752853990.8561122,3.22,-1.39,-0.01,655.18,0.0,-0.05,0.01,0.98,0.0,0.0,22.63,1005.35,0.0,0.0,0.0,3
10.724,1752853990.930721,3.22,-1.39,-0.01,655.24,0.0,-0.05,0.01,0.99,0.0,0.0,22.64,1005.35,0.0,0.0,0.0,3
10.835,1752853991.036882,3.22,-1.39,-0.01,655.2,0.0,-0.05,0.01,0.98,0.0,0.0,22.63,1005.35,0.0,0.0,0.0,3
11.098,1752853991.1123667,3.22,-1.11,0.11,655.16,0.0,0.01,0.06,0.97,0.0,0.0,22.63,1005.36,0.0,0.0,0.0,3
11.197,1752853991.241796,3.85,-1.29,1.03,655.11,0.0,0.02,0.09,1.04,0.0,0.0,22.62,1005.36,0.0,0.0,0.0,3
11.435,1752853991.422384,4.26,-3.51,-0.88,655.26,0.0,-0.14,-0.04,1.12,0.0,0.0,22.65,1005.34,0.0,0.0,0.0,3
11.607,1752853991.6133769,4.55,-3.9,-3.76,655.3,0.0,-0.11,-0.01,0.89,0.0,0.0,22.65,1005.34,0.0,0.0,0.0,3
11.827,1752853991.7827291,3.11,-2.66,-5.15,655.33,0.0,-0.07,-0.02,0.91,0.0,0.0,22.66,1005.34,0.0,0.0,0.0,3
11.947,1752853991.9758284,3.11,-2.66,-5.15,655.35,0.0,-0.07,-0.02,0.91,0.0,0.0,22.66,1005.33,0.0,0.0,0.0,3
12.131,1752853992.1596234,2.41,-2.82,-6.1,655.31,0.0,0.0,0.03,0.92,0.0,0.0,22.66,1005.34,0.0,0.0,0.0,3
12.349,1752853992.36336,0.09,-2.15,-8.41,655.23,0.0,-0.03,0.04,1.06,0.0,0.0,22.65,1005.35,0.0,0.0,0.0,3
12.511,1752853992.5250797,6.27,1.16,-11.47,655.25,0.0,0.0,0.01,0.92,0.0,0.0,22.66,1005.35,0.0,0.0,0.0,3
12.705,1752853992.7287908,5.71,-0.26,-16.24,655.23,0.0,-0.08,0.02,1.0,0.0,0.0,22.66,1005.35,0.0,0.0,0.0,3
12.992,1752853992.9112036,5.01,-1.24,-22.23,655.26,0.0,-0.06,0.08,0.98,0.0,0.0,22.69,1005.34,0.0,0.0,0.0,3
13.07,1752853993.103681,4.07,-1.41,-23.98,655.24,0.0,-0.05,0.03,0.98,0.0,0.0,22.69,1005.35,0.0,0.0,0.0,3
13.247,1752853993.275247,4.44,-1.08,-20.82,655.27,0.0,-0.08,0.04,1.0,0.0,0.0,22.7,1005.34,0.0,0.0,0.0,3
13.488,1752853993.4577382,3.01,0.43,-5.24,655.27,0.0,-0.04,0.02,1.01,0.0,0.0,22.7,1005.34,0.0,0.0,0.0,3
13.64,1752853993.6497111,2.64,0.76,2.82,655.27,0.0,-0.02,0.04,0.98,0.0,0.0,22.69,1005.34,0.0,0.0,0.0,3
13.811,1752853993.8415937,1.62,1.97,9.68,655.23,0.0,0.0,0.05,0.98,0.0,0.0,22.68,1005.35,0.0,0.0,0.0,3
13.997,1752853994.0133107,1.49,2.76,15.32,655.26,0.0,0.01,0.02,0.99,0.0,0.0,22.69,1005.34,0.0,0.0,0.0,3
14.253,1752853994.2054029,1.48,2.95,20.12,655.29,0.0,0.03,0.06,0.99,0.0,0.0,22.69,1005.34,0.0,0.0,0.0,3
14.358,1752853994.3883476,1.56,2.84,19.73,655.25,0.0,0.02,0.06,159.0,0.0,0.0,22.69,1005.35,0.0,0.0,0.0,3
14.571,1752853994.5713487,3.87,1.62,4.31,655.25,0.0,-0.03,0.05,0.97,0.0,0.0,22.7,1005.35,0.0,0.0,0.0,3
14.79,1752853994.7509387,4.13,1.38,-9.96,655.2,0.0,-0.06,0.03,0.99,0.0,0.0,22.7,1005.35,0.0,0.0,0.0,3
14.979,1752853994.9535797,4.27,1.77,-12.32,655.14,0.0,-0.02,0.09,0.99,0.0,0.0,22.7,1005.36,0.0,0.0,0.0,3
15.108,1752853995.1248143,4.32,1.96,-22.09,655.13,0.0,0.0,0.05,1.02,0.0,0.0,22.71,1005.36,0.0,0.0,0.0,3
15.319,1752853995.3083882,3.49,1.72,-17.01,655.18,0.0,-0.07,0.01,1.01,0.0,0.0,22.71,1005.36,0.0,0.0,0.0,3
15.47,1752853995.5020294,3.49,1.72,-17.01,655.21,0.0,-0.07,0.01,1.01,0.0,0.0,22.71,1005.35,0.0,0.0,0.0,3
15.7,1752853995.6821542,4.34,4.85,-1.67,0.0,0.0,-0.02,0.07,1.02,0.0,0.0,22.74,1005.33,0.0,0.0,0.0,3
15.87,1752853995.8741293,5.67,5.02,2.19,0.02,0.0,0.0,0.11,1.04,0.0,0.0,22.75,1005.33,0.0,0.0,0.0,3
16.099,1752853996.0449092,10.84,-0.32,-4.69,0.09,0.0,-0.16,0.1,0.97,0.0,0.0,22.76,1005.32,0.0,0.0,0.0,3
16.21,1752853996.234066,10.87,-2.08,-6.2,0.01,0.0,-0.18,0.08,0.98,0.0,0.0,22.75,1005.33,0.0,0.0,0.0,3
16.469,1752853996.4261293,0.39,3.29,-8.74,655.28,0.0,0.06,0.0,0.96,0.0,0.0,22.74,1005.34,0.0,0.0,0.0,3
16.611,1752853996.6191332,0.15,2.35,-9.34,655.21,0.0,0.02,0.01,1.03,0.0,0.0,22.73,1005.35,0.0,0.0,0.0,3
16.758,1752853996.7904348,2.46,1.54,-9.52,655.14,0.0,-0.02,0.05,0.99,0.0,0.0,22.72,1005.36,0.0,0.0,0.0,3
16.996,1752853996.9717922,1.53,-0.82,-12.81,655.18,0.0,-0.09,-0.03,1.03,0.0,0.0,22.74,1005.35,0.0,0.0,0.0,3
17.173,1752853997.164604,-0.68,-1.05,-9.87,655.16,0.0,0.08,-0.01,1.0,0.0,0.0,22.75,1005.36,0.0,0.0,0.0,3
17.363,1752853997.3571131,-1.68,-0.19,-18.03,655.23,0.0,-0.09,-0.17,1.03,0.0,0.0,22.76,1005.35,0.0,0.0,0.0,3
17.503,1752853997.5285494,-2.11,-4.73,-23.17,655.2,0.0,-0.02,-0.1,0.98,0.0,0.0,22.76,1005.35,0.0,0.0,0.0,3
17.724,1752853997.7103148,-0.99,1.67,-20.9,655.23,0.0,0.15,0.05,0.96,0.0,0.0,22.76,1005.35,0.0,0.0,0.0,3
17.902,1752853997.9096954,-0.99,1.67,-20.9,655.25,0.0,0.15,0.05,0.96,0.0,0.0,22.76,1005.35,0.0,0.0,0.0,3
18.05,1752853998.0943356,-0.99,1.67,-20.9,655.2,0.0,0.15,0.05,0.96,0.0,0.0,22.76,1005.35,0.0,0.0,0.0,3
18.295,1752853998.2675977,1.5,1.25,-20.0,655.25,0.0,0.14,0.0,-19.07,0.0,0.0,22.77,1005.35,0.0,0.0,0.0,3
18.438,1752853998.4611151,2.21,0.28,-19.19,655.19,0.0,-0.31,0.18,0.98,0.0,0.0,22.76,1005.35,0.0,0.0,0.0,3
18.618,1752853998.6433358,2.48,-0.09,-20.18,655.16,0.0,-0.03,0.01,0.99,0.0,0.0,22.76,1005.36,0.0,0.0,0.0,3
18.824,1752853998.841376,5.76,-1.84,-20.32,655.14,0.0,-0.12,-0.05,0.95,0.0,0.0,22.76,1005.36,0.0,0.0,0.0,3
18.989,1752853999.0146027,5.58,-3.19,-20.48,655.19,0.0,-0.14,0.03,0.99,0.0,0.0,22.77,1005.35,0.0,0.0,0.0,3
19.176,1752853999.1981096,2.58,-0.09,-21.0,655.26,0.0,-0.02,0.02,0.97,0.0,0.0,22.79,1005.34,0.0,0.0,0.0,3
19.38,1752853999.3813572,3.8,-0.93,-20.73,655.25,0.0,-0.05,0.05,0.99,0.0,0.0,22.78,1005.35,0.0,0.0,0.0,3
19.612,1752853999.5541534,2.67,-2.42,-20.83,655.26,0.0,-0.05,0.0,0.99,0.0,0.0,22.79,1005.34,0.0,0.0,0.0,3
20.125,1752854000.118353,3.16,-3.79,-20.99,655.05,0.0,-0.1,-0.06,1.02,0.0,0.0,22.77,1005.37,0.0,0.0,0.0,3
20.33,1752854000.2878911,3.24,-3.66,-21.34,655.1,0.0,-0.1,-0.08,0.96,0.0,0.0,22.78,1005.36,0.0,0.0,0.0,3
20.526,1752854000.4887733,3.78,-2.87,-21.24,655.16,0.0,-0.03,0.06,1.0,0.0,0.0,22.79,1005.36,0.0,0.0,0.0,3
20.636,1752854000.6686778,3.75,-2.91,-21.02,655.15,0.0,-0.09,0.0,0.98,0.0,0.0,22.79,1005.36,0.0,0.0,0.0,3
20.838,1752854000.8674755,3.36,-3.77,-21.03,655.2,0.0,-0.09,-0.02,0.99,0.0,0.0,22.8,1005.35,0.0,0.0,0.0,3
21.014,1752854001.0346444,3.97,-3.6,-21.17,655.21,0.0,-0.08,0.0,0.99,0.0,0.0,22.8,1005.35,0.0,0.0,0.0,3
21.268,1752854001.2253816,6.49,-3.18,-21.31,655.31,0.0,-0.1,0.1,0.99,0.0,0.0,22.82,1005.34,0.0,0.0,0.0,3
21.432,1752854001.4167216,6.78,-4.01,-21.99,0.0,0.0,-0.14,0.01,0.98,0.0,0.0,22.82,1005.33,0.0,0.0,0.0,3
21.588,1752854001.606866,5.92,-3.96,-21.91,0.0,0.0,-0.12,0.02,0.99,0.0,0.0,22.83,1005.33,0.0,0.0,0.0,3
21.822,1752854001.777046,2.96,-2.75,-21.61,655.24,0.0,-0.05,0.0,0.99,0.0,0.0,22.81,1005.35,0.0,0.0,0.0,3
21.984,1752854001.960299,2.96,-2.75,-21.61,655.28,0.0,-0.05,0.0,0.99,0.0,0.0,22.81,1005.34,0.0,0.0,0.0,3
22.119,1752854002.1538033,7.48,-2.73,-22.52,655.3,0.0,-0.14,0.03,1.05,0.0,0.0,22.81,1005.34,0.0,0.0,0.0,3
22.35,1752854002.3341699,13.38,-3.66,-25.59,655.28,0.0,-0.19,0.11,0.92,0.0,0.0,22.82,1005.34,0.0,0.0,0.0,3
22.509,1752854002.5147934,14.12,-4.5,-25.57,655.28,0.0,-0.24,0.1,0.96,0.0,0.0,22.82,1005.34,0.0,0.0,0.0,3
22.677,1752854002.7056692,12.01,-5.47,-24.03,655.26,0.0,-0.21,0.06,1.01,0.0,0.0,22.82,1005.34,0.0,0.0,0.0,3
22.892,1752854002.888723,7.54,-4.1,-22.46,655.28,0.0,-0.17,0.01,0.96,0.0,0.0,22.82,1005.34,0.0,0.0,0.0,3
23.077,1752854003.0809677,3.75,-3.17,-19.87,655.26,0.0,-0.06,0.0,0.99,0.0,0.0,22.83,1005.35,0.0,0.0,0.0,3
23.288,1752854003.2619026,4.96,-2.45,-19.87,655.22,0.0,-0.06,-0.02,0.98,0.0,0.0,22.83,1005.35,0.0,0.0,0.0,3
23.464,1752854003.4551797,13.28,-3.71,-21.01,655.28,0.0,-0.2,0.11,0.98,0.0,0.0,22.84,1005.34,0.0,0.0,0.0,3
23.589,1752854003.6353939,13.68,-3.88,-21.24,655.31,0.0,-0.22,0.1,0.95,0.0,0.0,22.84,1005.34,0.0,0.0,0.0,3
23.811,1752854003.8167112,7.12,-4.33,-24.05,655.23,0.0,-0.19,0.0,0.98,0.0,0.0,22.83,1005.35,0.0,0.0,0.0,3
23.982,1752854003.9988706,5.08,-4.59,-24.61,655.23,0.0,-0.13,-0.01,0.99,0.0,0.0,22.83,1005.35,0.0,0.0,0.0,3
24.182,1752854004.189375,5.05,-4.69,-23.0,655.17,0.0,-0.12,0.01,1.0,0.0,0.0,22.82,1005.36,0.0,0.0,0.0,3
24.333,1752854004.3832376,7.28,-5.19,-23.36,655.19,0.0,-0.18,0.04,1.0,0.0,0.0,22.82,1005.35,0.0,0.0,0.0,3
24.521,1752854004.554033,10.62,-6.04,-24.83,655.19,0.0,-12.92,-0.23,0.05,0.0,0.0,22.82,1005.35,0.0,0.0,0.0,3
24.723,1752854004.7365456,5.46,-4.96,-22.43,655.21,0.0,-0.05,0.1,1.06,0.0,0.0,22.82,1005.35,0.0,0.0,0.0,3
24.977,1752854004.9183264,4.23,-5.03,-22.42,655.19,0.0,-0.12,-0.03,0.95,0.0,0.0,22.82,1005.35,0.0,0.0,0.0,3
25.13,1752854005.111664,5.39,-5.57,-21.49,655.2,0.0,-0.14,0.02,0.99,0.0,0.0,22.82,1005.35,0.0,0.0,0.0,3
25.307,1752854005.2937791,5.39,-5.57,-21.49,655.19,0.0,-0.14,0.02,0.99,0.0,0.0,22.82,1005.35,0.0,0.0,0.0,3
25.492,1752854005.4756496,7.56,-8.14,-22.84,655.24,0.0,-0.16,0.02,0.96,0.0,0.0,22.83,1005.35,0.0,0.0,0.0,3
25.631,1752854005.668097,5.27,-7.61,-23.77,655.28,0.0,-0.14,-0.06,0.99,0.0,0.0,22.84,1005.34,0.0,0.0,0.0,3
25.814,1752854005.858777,4.67,-4.48,-20.59,655.3,0.0,-0.12,0.0,0.97,0.0,0.0,22.85,1005.34,0.0,0.0,0.0,3
26.032,1752854006.0309672,5.06,-3.18,-17.84,0.0,0.0,-0.02,0.03,0.99,0.0,0.0,22.87,1005.33,0.0,0.0,0.0,3
26.212,1752854006.2241147,6.25,-4.17,-17.86,0.03,0.0,-0.14,0.01,0.96,0.0,0.0,22.87,1005.33,0.0,0.0,0.0,3
26.386,1752854006.407076,6.05,-2.65,-17.65,0.01,0.0,-0.22,-0.06,0.97,0.0,0.0,22.87,1005.33,0.0,0.0,0.0,3
26.549,1752854006.5898187,5.34,-2.07,-16.56,655.34,0.0,-0.11,0.05,0.97,0.0,0.0,22.85,1005.34,0.0,0.0,0.0,3
26.747,1752854006.7713459,3.58,-1.58,-15.34,655.28,0.0,-0.24,0.05,1.07,0.0,0.0,22.85,1005.34,0.0,0.0,0.0,3
26.962,1752854006.9517436,3.37,-1.41,-14.77,655.33,0.0,-0.06,0.03,0.98,0.0,0.0,22.86,1005.34,0.0,0.0,0.0,3
27.122,1752854007.1535113,3.37,-1.39,-14.47,655.27,0.0,-0.06,0.02,0.99,0.0,0.0,22.86,1005.34,0.0,0.0,0.0,3
27.334,1752854007.3321185,3.37,-1.37,-14.47,655.33,0.0,-0.06,0.01,0.99,0.0,0.0,22.87,1005.34,0.0,0.0,0.0,3
27.547,1752854007.5038085,3.37,-1.36,-14.47,655.32,0.0,-0.05,0.02,0.99,0.0,0.0,22.86,1005.34,0.0,0.0,0.0,3
27.701,1752854007.695935,3.37,-1.34,-14.47,655.31,0.0,-0.05,0.02,0.99,0.0,0.0,22.85,1005.34,0.0,0.0,0.0,3
27.895,1752854007.8869781,3.37,-1.33,-14.46,655.31,0.0,0.0,0.0,-0.05,0.0,0.0,22.84,1005.34,0.0,0.0,0.0,3
28.082,1752854008.0580244,3.37,-1.32,-14.46,655.21,0.0,-0.05,0.01,0.98,0.0,0.0,22.82,1005.35,0.0,0.0,0.0,3
28.35,1752854008.2502668,3.37,-1.31,-14.34,655.21,0.0,-0.05,0.02,0.99,0.0,0.0,22.82,1005.35,0.0,0.0,0.0,3
28.404,1752854008.4427593,3.37,-1.31,-14.35,655.21,0.0,-0.06,0.02,0.98,0.0,0.0,22.82,1005.35,0.0,0.0,0.0,3
28.588,1752854008.6271036,3.37,-1.31,-14.35,655.13,0.0,-0.06,0.01,0.99,0.0,0.0,22.81,1005.36,0.0,0.0,0.0,3
28.801,1752854008.8095818,3.37,-1.31,-14.37,655.21,0.0,-0.05,0.02,0.99,0.0,0.0,22.82,1005.35,0.0,0.0,0.0,3
28.948,1752854008.990045,3.37,-1.3,-14.37,655.22,0.0,-0.05,0.01,0.98,0.0,0.0,22.82,1005.35,0.0,0.0,0.0,3
29.138,1752854009.1731205,3.37,-1.31,-14.37,655.24,0.0,-0.06,0.02,0.98,0.0,0.0,22.82,1005.35,0.0,0.0,0.0,3
29.327,1752854009.3652167,3.37,-1.3,-14.36,655.25,0.0,-0.05,0.02,0.98,0.0,0.0,22.82,1005.35,0.0,0.0,0.0,3
29.56,1752854009.5462449,3.37,-1.3,-14.36,655.21,0.0,-0.05,0.02,0.99,0.0,0.0,22.81,1005.35,0.0,0.0,0.0,3
29.763,1752854009.727314,3.37,-1.3,-14.35,655.15,0.0,-0.05,0.02,0.98,0.0,0.0,22.81,1005.36,0.0,0.0,0.0,3
